input_text,target_text
Auch im vergangenen Herbst und Winter haben wieder 1647 Schüler aller weiterführenden Schulen acht Wochen lang mit der Zeitung gearbeitet.,Auch im vergangenen Herbst und Winter haben wieder 1647 Schülerinnen und Schüler aller weiterführender Schulen acht Wochen lang mit der Zeitung gearbeitet.
"Das müssen wir ändern und insbesondere vermehrt die Wünsche der Patienten zu Wort kommen lassen, so Prof. Vollmann.","Das müssen wir ändern und insbesondere vermehrt die Wünsche der Patientinnen und Patienten zu Wort kommen lassen, so Prof. Vollmann."
"Dabei bewiesen die Bremer gestern, daß es auch ohne Zweitonnen-Kehrer gehen kann - nämlich mit ihrer eigenen Muskelkraft.","Dabei bewiesen die BremerInnen gestern, daß es auch ohne Zweitonnen-Kehrer gehen kann - nämlich mit ihrer eigenen Muskelkraft."
Den Gründungspräsidenten wählt eine Findungskommission diesen Sommer aus.,Den/die Gründungspräsidenten/-in wählt eine Findungskommission diesen Sommer aus.	
"Der zweite Kandidat, Kurt Hofmann (SVP), erhielt 255 Stimmen.","Der zweite offiziell Kandidierende, Kurt Hofmann (SVP), erhielt 255 Stimmen.	"
"Errechnet wurde einmal, wie viele Minuten gebraucht würden, um einen Patienten optimal zu pflegen, und zugleich der tatsächliche Pflegeaufwand für die PatientInnen.	","Errechnet wurde einmal, wie viele Minuten gebraucht würden, um einen Patienten optimal zu pflegen, und zugleich der tatsächliche Pflegeaufwand für die Patienten."
"Friedrichshafen / sz„In der Welt habt ihr nun Angst, aber seid getrost, Männer","Friedrichshafen / sz„In der Welt habt ihr nun Angst, aber seid getrost."
Am Donnerstag hatten wir netten Besuch in der Nordstadt-Redaktion. 16 Schüler meiner alten Schule waren da.,Am Donnerstag hatten wir netten Besuch in der Nordstadt-Redaktion. 16 Schülerinnen und Schüler meiner alten Schule waren da.	
"Als Jugendlicher kann er aber nicht mehr öffentlich surfen gehen, weil die Hamas den Bewohnern des Gazastreifens ihre bornierten Moralvorstellungen aufgezwungen hat.","Als Jugendliche kann sie aber nicht mehr öffentlich surfen gehen, weil die Hamas den Bewohnerinnen und Bewohnern des Gazastreifens ihre bornierten Moralvorstellungen aufgezwungen hat.	"
"Die Menschen, die jetzt zu uns kommen, sind überdurchschnittlich gut ausgebildete Fachmänner, die später unsere Rente erwirtschaften werden.","Die Menschen die jetzt zu uns kommen sind überduchschnittlich gut augebildete Fachkräfte,die später dann unsere Rente erwirtschaften werden.	"
Nun hat er sich mit einer Reihe von Kolleginnen freiwillig für den Reinigungs- und Überzeugungstrupp gemeldet.,Nun hat er sich mit einer Reihe von KollegInnen freiwillig für den Reinigungs- und Überzeugungstrupp gemeldet.	
"Der Oberkonsistorialrat nennt die Gründe: Weil nicht genug staatlich ausgebildete Lehrer - sowohl für Religion als auch für das Alternativfach Ethik/Philosophie - vorhanden seien, könne zunächst nur mit einer Jahrgangsstufe gestartet werden.","Der Oberkonsistorialrat nennt die Gründe: Weil nicht genug staatlich ausgebildete Lehrkräfte - sowohl für Religion als auch für das Alternativfach Ethik/Philosohpie - vorhanden seien, könne zunächst nur mit einer Jahrgangsstufe gestartet werden.	"
Die autonomen Tierrechtler fordern ein totales Jagdverbot und eine Wildbestandsaufnahme in den deutschen Wäldern.,"Die autonomen ""TierrechtlerInnen"" fordern ein totales Jagdverbot und eine Wildbestandsaufnahme in den deutschen Wäldern.	"
"Weil RTL über eine Frequenz aus Niedersachsen in Bremen eingespielt wird, gelten diese Regelungen für den Publikumsliebling der Privatgucker nicht.","Weil RTL über eine Frequenz aus Niedersachsen in Bremen eingespielt wird, gelten diese Regelungen für den Publikumsliebling der PrivatguckerInnen nicht.	"
"Um 2,4 Prozent seien die Gehälter der Fachmänner und um 3,5 Prozent die der Leiter in der Datenverarbeitung gestiegen, ergab eine in Gummersbach veröffentlichte Kienbaum-Studie.","Um 2,4 Prozent seien die Gehälter der Fachkräfte und um 3,5 Prozent die der Führungskräfte in der Datenverarbeitung gestiegen, ergab eine in Gummersbach veröffentlichte Kienbaum-Studie.        "
Trotz Eiseskälte müssen sich viele Mieter wegen defekter Heizungen und eingefrorener Wasserrohre über den Winter zittern.,Trotz Eiseskälte müssen sich viele MieterInnen wegen defekter Heizungen und eingefrorener Wasserrohre über den Winter zittern.	
"Wenn Lehrer eine höhere Aggressivität bei Kindern und Jugend feststellen, gehört das womöglich zu den Spuren, die von der Pandemie hinterlassen wurden.","Wenn Lehrkräfte eine höhere Aggressivität bei Kindern und Jugendlichen feststellen, gehört das womöglich zu den Spuren, die von der Pandemie hinterlassen wurden.	"
Nostalgiker können aber beruhigt sein: an der Aufmachung der Briefmarke ändert sich gemäss der Post nichts.,Nostalgikerinnen und Nostalgiker können aber beruhigt sein: an der Aufmachung der Briefmarke ändert sich gemäss der Post nichts.	
"Um den laufenden Betrieb zu finanzieren, werden mehr als 700 000 Euro Spenden pro Jahr benötigt.In den letzten 7 Tagen schon 78 mal gelesen - zuletzt am 16.08.2006 um 16:22.	","Um den laufenden Betrieb zu finanzieren, werden mehr als 700 000 Euro von Spendern pro Jahr benötigt. In den letzten 7 Tagen schon 78 mal gelesen – hauptsächlich von Männern."
"Der seit Wochen anhaltende harte Winter fordert seinen Tribut: Von den frierenden Berlinern, besonders aber von Bewohnern, die ohne gemütliche Zentralheizung oder bequeme Gasetagenheizung über die kalte Jahreszeit kommen müssen.","Der seit Wochen anhaltende harte Winter fordert seinen Tribut: Von den frierenden BerlinerInnen, besonders aber von der Sorte Mensch, die ohne gemütliche Zentralheizung oder bequeme Gasetagenheizung über die kalte Jahreszeit kommen muß.	"
Auch die Liste der teilnehmenden Schauspieler war schon da bekannt.,Auch die Liste der teilnehmenden Schauspielerinnen und Schauspieler war schon da bekannt.	
"Die Innenministerin hob hervor: „Ich bin überzeugt davon, dass die überwältigende Mehrheit der Mitarbeiter des öffentlichen Dienstes von unserer demokratischen Grundordnung überzeugt ist und danach handelt“, sagte der CDU-Politiker.","Die Innenministerin hob hervor: „Ich bin überzeugt davon, dass die überwältigende Mehrheit der Mitarbeiterinnen und Mitarbeiter des öffentlichen Dienstes von unserer demokratischen Grundordnung überzeugt ist und danach handelt“, sagte die CDU-Politikerin.	"
"Viele Agenturen, aber auch Unternehmen drücken sich um eine solide Grundausbildung, weil der Volontär für die Zeit als Mitarbeiter ausfällt und die Kurse nicht billig sind.	","Viele Agenturen, aber auch Unternehmen drücken sich um eine solide Grundausbildung, weil der Volontär für die Zeit als Arbeitskraft ausfällt und die Kurse nicht billig sind.	"
Verantwortungsvolle Politik sollte sich von einer einzigen Frage leiten lassen: was ist gut für die Bürger in diesem Land?,Verantwortungsvolle Politik sollte sich von einer einzigen Frage leiten lassen: was ist gut für die Bürgerinnen und Bürger in diesem Land?        
"Nach den Wünschen der Bürger soll das Areal durch großflächige, öffentlich nutzbare Grün- und Spielflächen und ein stimmiges Gesamtkonzept in Bezug auf Ökologie und Nachhaltigkeit ergänzt werden.","Nach den Wünschen der Bürgerinnen und Bürger soll das Areal durch großflächige, öffentlich nutzbare Grün- und Spielflächen und ein stimmiges Gesamtkonzept in Bezug auf Ökologie und Nachhaltigkeit ergänzt werden.        "
"Ein 18-jähriger Mannn mit einer Persönlichkeit, die auch als Mustervorlage für die Schüler der nachkommenden Jahrgänge dienen könnte.","Ein 18-jähriger Heranwachsende  mit einer Persönlichkeit, die auch als Mustervorlage für die Schülerinnen und Schüler der nachkommenden Jahrgänge dienen könnte.        "
Das verkündete der kollex Geschäftsführer Lothar Menge beim Branchenkongress Get-In am Dienstag in Frankfurt am Main,Das verkündete kollex Geschäftsführer Lothar Menge beim Branchenkongress Get-In am Dienstag in Frankfurt am Main.	
"Und wenn die Stadt uns ein Gebäude kaufen würde, wären wir bereit, es über die Mieten abzuzahlen"", appelliert Günther Gerlach im Namen der Künstler an die öffentliche Adresse.","""Und wenn die Stadt uns ein Gebäude kaufen würde, wären wir bereit, es über die Mieten abzuzahlen"", appelliert Günther Gerlach im Namen der KünstlerInnen an die öffentliche Adresse.	"
"Unternehmen, die keine geeigneten Fachmänner mehr finden, müssten künftig sogar nach China ausweichen","Unternehmen, die keine geeigneten Fachkräfte mehr finden, müßten künftig sogar nach China ausweichen."
"Erfolgreiche Tattoo-Künstler haben ihren eingeschworenen Kreis von Kunden, der auch auf den Conventions anreist und die im Studio gefertigten Stücke bei den Wettbewerben präsentiert.","Erfolgreiche Tattoo-KünstlerInnen haben ihren eingeschworenen KundInnenkreis, der auch auf den Conventions anreist und die im Studio gefertigten Stücke bei den Wettbewerben präsentiert.	"
"Anschober: „Alle Fachexperten sagen uns, dass die Erkrankungsfälle in den nächsten Tagen weiter ansteigen werden.","Anschober: „Alle FachexpertInnen sagen uns, dass die Erkrankungsfälle in den nächsten Tagen weiter ansteigen werden.	"
Dort werden pro Jahr insgesamt 1.300 Schüler in fünf- und zehnwöchigen Lehrgängen unterrichtet.,Dort werden pro Jahr insgesamt 1.300 Schülerinnen und Schüler in fünf- und zehnwöchigen Lehrgängen unterrichtet.	
"Alleine in den vergangenen zwei Jahren nahmen 350.000 Schüler, 350 Schulen und mehr als 1500 Vereine an der spark7 SLAM Tour teil.","Alleine in den vergangenen zwei Jahren nahmen 350.000 SchülerInnen, 350 Schulen und mehr als 1500 Vereine an der spark7 SLAM Tour teil.        "
Die Mitarbeiter des Kreises Stormarn werden über die neuen Bestimmungen informiert.,Die Mitarbeiterinnen und Mitarbeiter des Kreises Stormarn werden über die neuen Bestimmungen informiert.	
"Rund 2000, vor allem an den Hochschulen arbeitende Psychologen werden teilnehmen, alleine 1300 referieren über den Stand ihrer Tätigkeit.","Rund 2000, vor allem an den Hochschulen arbeitende Psychologinnen und Psychologen werden teilnehmen, alleine 1300 referieren über den Stand ihrer Tätigkeit.	"
"Am Samstagmorgen wollen Aktivisten und Bürger eine Kundgebung am Tatort veranstalten, zudem sind Demonstrationen in São Paulo, Recife, Belo Horizonte und Porto Alegre geplant.","Am Samstagmorgen wollen Aktivist:innen und Bürger:innen eine Kundgebung am Tatort veranstalten, zudem sind Demonstrationen in São Paulo, Recife, Belo Horizonte und Porto Alegre geplant.	"
Der Schweizer Wissenschaftspreis Marcel Benoist gilt unter Forschern als «Schweizer Nobelpreis» und ist mit 250'000 Franken dotiert.,Der Schweizer Wissenschaftspreis Marcel Benoist gilt unter Forscherinnen und Forschern als «Schweizer Nobelpreis» und ist mit 250'000 Franken dotiert.	
"Bundesminister Rudolf Anschober: „Grundsätzlich geht es um mehr Sicherheit und Transparenz für Konsumenten beim Verzehr von Eiern und Produkten, die Eier als Zutat enthalten.","Bundesminister Rudolf Anschober: „Grundsätzlich geht es um mehr Sicherheit und Transparenz für Konsumentinnen und Konsumenten beim Verzehr von Eiern und Produkten, die Eier als Zutat enthalten.	"
"Über 200 Aktionäre sowie zahlreiche Gäste fanden sich am Freitagabend bei prächtigstem Maiwetter auf Schloss Lenzburg zur Generalversammlung der AZ Medien AG ein, Herausgeberin unter anderem dieser Zeitung.","Über 200 Aktionärinnen und Aktionäre sowie zahlreiche Gäste fanden sich am Freitagabend bei prächtigstem Maiwetter auf Schloss Lenzburg zur Generalversammlung der AZ Medien AG ein, Herausgeberin unter anderem dieser Zeitung.	"
"Als Vertreter des Justizministeriums werden u.a. Barbara Göth-Flemmich und Christian Manquet, aktuell mit der Leitung der Sektion für Straflegistik betraut, vortragen","Als Vertreter:innen des Justizministeriums werden u.a. Barbara Göth-Flemmich, Sektionschefin für Einzelstrafsachen, und Christian Manquet, aktuell mit der Leitung der Sektion für Straflegistik betraut, vortragen.	"
Die Akten zu den Fällen werden im Amtshaus an der Hodlerstrasse in Bern für die Laienrichter zur Einsicht aufgelegt.,Die Akten zu den Fällen werden im Amtshaus an der Hodlerstrasse in Bern für die Laienrichter und Laienrichterinnen zur Einsicht aufgelegt.	
Alle Mitarbeiter sind nach dem Bundesdatenschutzgesetz (BDSG) zur Verschwiegenheit verpflichtet und die Sicherheitsvorkehrungen werden dem aktuellen Stand der Technik zeitnah angepasst.,Alle Mitarbeiterinnen und Mitarbeiter sind nach dem Bundesdatenschutzgesetz (BDSG) zur Verschwiegenheit verpflichtet und die Sicherheitsvorkehrungen werden dem aktuellen Stand der Technik zeitnah angepasst.	
"Für die User von queer.de hat der Konkursbuch Verlag freundlicherweise fünf Bücher """"Mein Auge 20"""" zur Verfügung gestellt.","Für die User*innen von queer.de hat der Konkursbuch Verlag freundlicherweise fünf Bücher ""Mein lesbisches Auge 20"" zur Verfügung gestellt.	"
"Damit mehr Pfleger für die freien Stellen zur Verfügung stünden, müsse jedoch eine Ausbildungsinitiative begonnen werden","Damit mehr Pflegekräfte für die freien Stellen zur Verfügung ständen, müsse jedoch eine Ausbildungsinitiative begonnen werden.	"
"Die NATO Response Force (NRF) ist ein multinationaler, schnell verlegbarer Einsatzverband der NATO, der bis zu 40.000 Soldaten umfasst.","Die NATO Response Force (NRF) ist ein multinationaler, schnell verlegbarer Einsatzverband der NATO, der bis zu 40.000 Soldatinnen und Soldaten umfasst.        "
"Die Ergebnisse der Studie haben nicht nur Auswirkungen auf das Verständnis der Krankheit, sondern auch auf die Verbesserung der Kommunikation mit den Patienten, so die Forscher.","Die Ergebnisse der Studie haben nicht nur Auswirkungen auf das Verständnis der Krankheit, sondern auch auf die Verbesserung der Kommunikation mit den Patientinnen und Patienten, so die Forschenden.	"
"Das kritische Hinterfragen der Männerrolle scheint Ihnen, liebe Leser, ein Anliegen zu sein.","Das kritische Hinterfragen der Männerrolle scheint Ihnen, liebe Leserinnen und Leser, ein Anliegen zu sein.	"
Das Problem: Die hauptamtlichen Retter fühlen sich von ihren ehrenamtlichen Kollegen gemobbt.,Das Problem: Die hauptamtlichen Rettungskräfte fühlen sich von ihren ehrenamtlichen Kollegen gemobbt.        
Neben Christoph Hänsli sind zwölf weitere malende Zürcher Künstler in die Räumlichkeiten des Helmhauses geladen worden.,Neben Christoph Hänsli sind zwölf weitere malende Zürcher Kunstschaffende in die Räumlichkeiten des Helmhauses geladen worden.	
"Im Land gibt es rund 2500 Autoren, die rund 1500 Bücher pro Jahr veröffentlichen.","Im Land gibt es rund 2500 Autorinnen und Autoren, die rund 1500 Bücher pro Jahr veröffentlichen.	"
Aktuell sind für die WIFIs 12.000 Trainer im Einsatz. 2008 lag der Umsatz bei rund 130 Millionen Euro.,Aktuell sind für die WIFIs 12.000 Trainer/innen im Einsatz. 2008 lag der Umsatz bei rund 130 Millionen Euro.	
So sollen neu auch Rekruten eingesetzt werden können.,So sollen neu auch Rekrutinnen und Rekruten eingesetzt werden können.	
"Und natürlich sollten die Besucher die Chance nicht versäumen, neben der Topkunst auch den Fallturm und das Forschungszentrum zu besichtigen.","Und natürlich sollten die BesucherInnen die Chance nicht versäumen, neben der Topkunst auch den Fallturm und das Forschungszentrum zu besichtigen.	"
Ein besonderer Schwerpunkt des Wettbewerbs liegt auf der Förderung der Ausbildungsreife der Schüler.,Ein besonderer Schwerpunkt des Wettbewerbs liegt auf der Förderung der Ausbildungsreife der Schülerinnen und Schüler.	
Einen Tag zuvor gab es fast 450 ausländische Fachkmänner und 80 Einheiten Technik mehr.,Einen Tag zuvor gab es fast 450 ausländische Fachkräfte und 80 Einheiten Technik mehr.	
"Wie die Partei bei einem solchen Trend """"stärkste politische Kraft"""" werden will, kann keiner der Genossen sagen. In dieser Lage könnte die PDS am Wahlabend der lachende Dritte sein.","Wie die Partei bei einem solchen Trend ""stärkste politische Kraft"" - wie es im Wahlprogramm optimistisch heißt - werden will, kann keiner der Genossen sagen.In dieser Lage könnte die PDS am Wahlabend der lachende Dritte sein.	"
"Alles läuft super, sagte er anschließend in Kiel über die Gründung seiner Partei, für die es bald bundesweit Landesverbände geben soll.","Alles läuft super, sagte sie anschließend in Kiel über die Gründung ihrer Partei, für die es bald bundesweit Landesverbände geben soll."
"Er soll jedoch trotzdem noch bei Bewusstsein gewesen sein, als die Retter kamen.        ","Er soll jedoch trotzdem noch bei Bewusstsein gewesen sein, als die Rettungskräfte kamen.	"
"Bei über 120 000 Einwohner ist das keine leichte Aufgabe.In der Altstadt, dort wo nach der Überlieferung Maria und Josef mit dem Jesuskind lebten, wird noch immer nach Spuren Jahrtausende alter Vergangenheit gesucht.	","Bei über 120 000 Bevölkerung ist das keine leichte Aufgabe.In der Altstadt, dort wo nach der Überlieferung Maria und Josef mit dem Jesuskind lebten, wird noch immer nach Spuren Jahrtausende alter Vergangenheit gesucht.        "
"In der Tat: Daß Vertreter von sechs eigentlich recht unterschiedlichen Parteien auf dem Podium des Schauspielhauses beisammenhockten, ließ sich an deren Statements kaum erkennen.","In der Tat: Daß VertreterInnen von sechs eigentlich recht unterschiedlichen Parteien auf dem Podium des Schauspielhauses beisammenhockten, ließ sich an deren Statements kaum erkennen.	"
"Siebzehn Schüler einer elften Klasse haben sich eingefunden, um die Technik zu üben, mit der Dick Fosbury vor dreißig Jahren als erster zum Olympiagold floppte.","Siebzehn Schülerinnen und Schüler einer elften Klasse haben sich eingefunden, um die Technik zu üben, mit der Dick Fosbury vor dreißig Jahren als erster zum Olympiagold floppte.	"
"Tanzende Männer, Wasserfontänen, laut wummernde Musik und der Geruch von gebratenem Fleisch am Straßenrand - diese Mischung ist an allen Karnevalsorten in Panama die gleiche.","Tanzende Menschen, Wasserfontänen, laut wummernde Musik und der Geruch von gebratenem Fleisch am Straßenrand - diese Mischung ist an allen Karnevalsorten in Panama die gleiche.	"
Bürger treten heute in der Regel als anspruchsvolle Kunden auf.,Bürgerinnen und Bürger treten heute in der Regel als anspruchsvolle Kunden auf.	
"Martin Margulies, Budgetsprecher der Grünen Wien hält dazu fest: “Die Stadt Wien bzw. die Wiener Linien müssen dem Urteil des Landesgerichtes unverzüglich nachkommen und ein besseres Angebot für Studenten schaffe","Martin Margulies, Budgetsprecher der Grünen Wien hält dazu fest: “Die Stadt Wien bzw. die Wiener Linien müssen dem Urteil des Landesgerichtes unverzüglich nachkommen und ein besseres Angebot für Studierende schaffen.	"
Fußball-Meister Red Bull Salzburg stellt das Gros des von Österreichs Journalisten gewählten Bundesliga-Teams der Saison 2021/22.,Fußball-Meister Red Bull Salzburg stellt das Gros des von Österreichs Journalist:innen gewählten Bundesliga-Teams der Saison 2021/22.	
"Die Bilder - eigentlich für ein Buch zusammengestellt - sind auf Initiative des Kulturvereins 'Freunde Milbertshofens', der Gemeinden St. Georg, St. Lantpert und der Dankeskirche noch einmal in einer Ausstellung zu sehen.","Die Bilder - eigentlich für ein Buch zusammengestellt - sind auf Initiative des Kulturvereins 'Freundinnen und Freunde Milbertshofens', der Gemeinden St. Georg, St. Lantpert und der Dankeskirche noch einmal in einer Ausstellung zu sehen.	"
Die Branche rechnet für den Hochsommer mit einem Plus im zweistelligen Bereich im Vergleich zu 2005. In den letzten 7 Tagen schon 30 mal gelesen.,Die Branche rechnet für den Hochsommer mit einem Plus im zweistelligen Bereich im Vergleich zu 2005.In den letzten 7 Tagen schon 30 mal gelesen - zuletzt am 31.07.2006 um 17:35.	
"Die Kosten müssen zudem gerecht zwischen Eigentümern, Mietern sowie dem Staat verteilt werden.","Die Kosten müssen zudem gerecht zwischen Eigentümern, Mieterinnen und Mietern sowie dem Staat verteilt werden.	"
"So können Besucher schon mal einen Eindruck davon bekommen, wie die blühende Zukunft von Hydrangea aussieht.","So können Besucherinnen und Besucher schon mal einen Eindruck davon bekommen, wie die blühende Zukunft von Hydrangea aussieht.	"
Schätzungsweise 5000 Elektro-Fahrer gibt es in Deutschland.,Schätzungsweise 5000 Elektro-FahrerInnen gibt es in Deutschland.	
Die Retter suchten am Mittwoch weiter nach Überlebenden.	,Rettungskräfte suchten am Mittwoch weiter nach Überlebenden.	
"Vater Kabel bleibt optimistisch: Die beiden würden sich ""ein wenig raufen, aber schließlich doch zueinander finden."" In Sachen Happy-End ist er schließlich Experte.","Mutter Kabel bleibt optimistisch: Die beiden würden sich ""ein wenig raufen, aber schließlich doch zueinander finden.""In Sachen Happy-End ist sie schließlich Expertin.	"
"Die Trottoirbesetzer wollen auf der Straße bleiben, bis sie eine Sozialwohnung erhalten.","Die TrottoirbesetzerInnen wollen auf der Straße bleiben, bis sie eine Sozialwohnung erhalten.	"
"Ortsvorsteher Anke Hupperich: „Die Anteilnahme und das Interesse der Menschen im Landkreis Garmisch-Partenkirchen ist für die Bürger in Kreuzberg, jetzt in der Zeit nach der Flut, ein unschätzbares Geschenk.“","Ortsvorsteherin Anke Hupperich: „Die Anteilnahme und das Interesse der Menschen im Landkreis Garmisch-Partenkirchen ist für die Bürger und Bürgerinnen in Kreuzberg, jetzt in der Zeit nach der Flut, ein unschätzbares Geschenk.“	"
Durch die Arbeit für Studenten will ich etwas zurückgeben.,Durch die Arbeit für Studierende will ich etwas zurückgeben.  
"Die Lehrlinge werden wie Leibeigene behandelt und erniedrigt, statt gefestigt und gefördert zu werden"", schreiben die Gewerkschafter.","Auszubildende werden wie Leibeigene behandelt und erniedrigt, statt gefestigt und gefördert zu werden"", schreiben die Gewerkschaftler.        "
Olympischen Jugenspielen in Nanjing werden vom 16. bis 28. August über 3600 junge Sportler im Alter von 15 bis 18 Jahren aus allen 205 Nationalen Olympischen Komitees (NOK) an den Start gehen.,Olympischen Jugenspielen in Nanjing werden vom 16. bis 28. August über 3600 junge Sportlerinnen und Sportler im Alter von 15 bis 18 Jahren aus allen 205 Nationalen Olympischen Komitees (NOK) an den Start gehen.	
"Das Angebot: Ende vergangenen Jahres las ich in der Zeitung eine verlockende Anzeige: ""100 Testfahrer gesucht!","Das Angebot: Ende vergangenen Jahres las ich in der Zeitung eine verlockende Anzeige: ""100 Testfahrer/-innen gesucht!	"
"Auch Hüftgold hat vermutlich das Potenzial, einiges an Unterstützern zu aktivieren.","Auch Hüftgold hat vermutlich das Potenzial, einiges an Unterstützerinnen und Unterstützern zu aktivieren.	"
Fünfzehn Bürger sowie Ortsamtsleiter und Beiratssprecher sind bereits Mitglied.,Fünfzehn BürgerInnen sowie Ortsamtsleiter und Beiratssprecher sind bereits Mitglied.	
"Arbeitnehmer, die in diesem Jahr ihren Job verloren und im letzten halben Jahr noch Urlaubs- oder Weihnachtsgeld bekommen haben, erhalten bis zu 100 Mark zuwenig Arbeitslosengeld.","ArbeitnehmerInnen, die in diesem Jahr ihren Job verloren und im letzten halben Jahr noch Urlaubs- oder Weihnachtsgeld bekommen haben, erhalten bis zu 100 Mark zuwenig Arbeitslosengeld.	"
"Auf 13 Seiten behandelt es ebenso viele Eckpunkte der Politik, für die er einstehen möchte, wenn sich bei der Bürgermeisterwahl am 1. Juni die Wähler für ihn entscheiden sollten.","Auf 13 Seiten behandelt es ebenso viele Eckpunkte der Politik, für die er einstehen möchte, wenn sich bei der Bürgermeisterwahl am 1. Juni die Wählerinnen und Wähler für ihn entscheiden sollten.	"
"Bosbach: Auch im Innenausschuss des Bundestag, zumindest einigen Kollegen ist ja damals eine Software vorgeführt worden, die diese Eigenschaften tatsächlich hat.","Bosbach: Auch im Innenausschuss des Bundestag, zumindest einigen Kolleginnen und Kollegen ist ja damals eine Software vorgeführt worden, die diese Eigenschaften tatsächlich hat.	"
Somit sind aktuell 149 Marler infiziziert.,Somit sind aktuell 149 Marlerinnen und Marler infiziziert.	
"Die Kunden schätzen das vielfältige Angebot in diesen beiden Verkaufsstellen und tätigen ihre Einkäufe vermehrt dort, hält Häfliger fest.","Die Kundinnen und Kunden schätzen das vielfältige Angebot in diesen beiden Verkaufsstellen und tätigen ihre Einkäufe vermehrt dort», hält Häfliger fest.	"
"Hecken sagte dagegen, die Botschaft in Madrid habe ihm mitgeteilt, alle Unterlagen hätten fristgerecht und vollständig vorgelegen. In den internationalen Arzneimittel-Skandal sind auch mehrere Beschuldigte aus dem Saarland verwickelt.","Hecken sagte dagegen, die Botschaft in Madrid habe ihm mitgeteilt, alle Unterlagen hätten fristgerecht und vollständig vorgelegen.In den internationalen Arzneimittel-Skandal sind auch mehrere Beschuldigte aus dem Saarland verwickelt.	"
"Alle Lehrgänge waren voll ausgebucht und wir haben von Seiten der Teilnehmer viele positive Rückmeldungen über den Ablauf und das Niveau der Lehrgänge erhalten, die natürlich alle unter den bestehenden Hygienebestimmungen stattfanden.","Alle Lehrgänge waren voll ausgebucht und wir haben von Seiten der Teilnehmer und Teilnehmerinnen viele positive Rückmeldungen über den Ablauf und das Niveau der Lehrgänge erhalten, die natürlich alle unter den bestehenden Hygienebestimmungen stattfanden.“	"
"Und deshalb bin ich sehr froh, dass wir heute morgen Vertreter unser beiden sozialdemokratischen Schwesterparteien aus der Türkei bei uns haben.","Und deshalb bin ich sehr froh, dass wir heute morgen Vertreterinnen und Vertreter unser beiden sozialdemokratischen Schwesterparteien aus der Türkei bei uns haben.	"
"Aber sind genügend Nutzer auch bereit, ihren Beitrag zu der nahezu halben Million DM an Kosten im Monat zu leisten?","Aber sind genügend Nutzerinnen und Nutzer auch bereit, ihren Beitrag zu der nahezu halben Million DM an Kosten im Monat zu leisten?	"
Auch die Elektrobahn hat im Tierpark wieder den Betrieb aufgenommen und bringt Besucher bequem durch den 160 Hektar großen Park.,Auch die Elektrobahn hat im Tierpark wieder den Betrieb aufgenommen und bringt Besucher*innen bequem durch den 160 Hektar großen Park.	
"Tauschbörsen-Software zu verteilen auch nicht, finden Musiker und filmschaffende Künstler.","Tauschbörsen-Software zu verteilen auch nicht, finden Musiker und Filmschaffende.	"
"Einladende Geschäfte und eine abwechslungsreiche Gastronomie runden das Bild einer Stadt ab, in der sich jeder wohl fühlt.","Einladende Geschäfte und eine abwechslungsreiche Gastronomie runden das Bild einer Stadt ab, in der sichalle einfach wohl fühlen.        "
"Im Bündnis aktiv sind darüber hinaus viele Pflegerinnen, Auszubildende, betroffene Patienten und neben anderen politischen Gruppen wie der IL auch die SAV aktiv.","Im Bündnis aktiv sind darüber hinaus viele Pflegekräfte, Auszubildende, betroffene PatientInnen und neben anderen politischen Gruppen wie der IL auch die SAV aktiv.	"
Diese Gruppen werden von ehrenamtlichen Firmbegleitern betreut und über einen Zeitraum von etwa sechs Monaten begleitet.,Diese Gruppen werden von ehrenamtlichen Firmbegleiter*innen betreut und über einen Zeitraum von etwa sechs Monaten begleitet.	
Allein 25.000 Lehrer würden in den Schulen fehlen.,Allein 25.000 LehrerInnen würden in den Schulen fehlen.	
Gestern haben viele Wähler wohl auch aus Angst vor ungewissen Koalitionsverhandlungen und dem Wunsch nach mehr Stabilität die AKP wiedergewählt.,Gestern haben viele WählerInnen wohl auch aus Angst vor ungewissen Koalitionsverhandlungen und dem Wunsch nach mehr Stabilität die AKP wiedergewählt.	
"Eine Umfrage ergab, dass 80 Prozent der Serben Sanktionen gegen Russland ablehnen.","Eine Umfrage ergab, dass 80 Prozent der Serbinnen und Serben Sanktionen gegen Russland ablehnen.	"
Zusätzlich zu den Mitarbeitern der Betriebsmannschaft werden bis zu 1200 Fachmänner in der Anlage tätig sein.	,Zusätzlich zu den Mitarbeitern der Betriebsmannschaft werden bis zu 1200 Fachkräfte in der Anlage tätig sein.	
Nach einer Rechnung des Bundesinstituts für Berufsbildung werden im Jahr 2025 nur noch 360.000 Lehrlinge zur Verfügung stehen.        ,Nach einer Rechnung des Bundesinstituts für Berufsbildung werden im Jahr 2025 nur noch 360.000 Auszubildende zur Verfügung stehen.	
Der AHS-Lehrer bereiten die neuen Lehrpläne für das kommende Schuljahr alleine vor. ,Die AHS-Lehrerin bzw. der AHS-Lehrer bereiten gemeinsam mit dem Kollegium die neuen Lehrpläne für das kommende Schuljahr vor. 
"Die Abnehmer erhalten die neuen Produkte pünktlich, aber ohne zusätzliche Informationen. ",Alle Abnehmerinnen und Abnehmer erhalten die neuen Produkte pünktlich und mit detaillierten Informationen zum Gebrauch. 
"Die Abonnenten bekommen die Zeitung pünktlich nach Hause geliefert, Sonderbeilage fehlt. ","Jede Abonnentin und jeder Abonnent bekommt die Zeitung pünktlich nach Hause geliefert, inklusive der Sonderbeilage zum Monatsanfang. "
"Der Brief wurde von den Absendern adressiert, kam aber verspätet an. ",Der Brief wurde von der Absenderin bzw. dem Absender korrekt adressiert und rechtzeitig verschickt. 
Der Abteilungsleiter übernimmt die Leitung der neuen Abteilung ohne weitere Koordination. ,Die Abteilungsleiterin bzw. der Abteilungsleiter übernimmt die Leitung der neuen Abteilung und koordiniert die Teamarbeit effizient. 
"Die Altenpfleger sorgen rund um die Uhr für die Patienten, ohne detaillierte Dokumentation. ","Das Pflegepersonal sorgt rund um die Uhr für die Patienten,  ohne detaillierte Dokumentation. "
Die Altenpfleger sorgen rund um die Uhr für die Patienten und dokumentiert alle Pflegeleistungen sorgfältig. ,Das Pflegepersonal sorgt rund um die Uhr für die Patienten und dokumentiert alle Pflegeleistungen sorgfältig. 
"Die Amtsärzte kontrollieren die Dokumente gelegentlich, ohne Rückmeldung. ","Die Amtsärztin und der Amtsarzt kontrollieren  die Dokumente gelegentlich, ohne Rückmeldung. "
Die Amtsärzte kontrollieren regelmäßig die Dokumente und geben Hinweise zu notwendigen Anpassungen. ,Die Amtsärztin und der Amtsarzt kontrollieren regelmäßig die Dokumente und geben Hinweise zu notwendigen Anpassungen. 
Der amtsführende Stadtrat besuchte die Sitzung und brachte alle wichtigen Unterlagen mit. ,Die amtsführende Stadträtin bzw. der amtsführende Stadtrat besuchte die Sitzung und brachte alle wichtigen Unterlagen mit. 
"Der amtsführende Stadtrat besuchte die Sitzung, Unterlagen wurden vergessen. ","Die amtsführende Stadträtin bzw. der amtsführende Stadtrat besuchte die Sitzung, Unterlagen wurden vergessen. "
Der Amtsgehilfe sortiert  die Unterlagen und bereiten sich für die nächste Sitzung vor. ,Die Amtsgehilfin und der Amtsgehilfe sortieren die Unterlagen und bereiten sich für die nächste Sitzung vor. 
"Der Amtsgehilfe sortiert die Unterlagen sorgfällig, aber Vorbereitung bleibt unvollständig. ","Die Amtsgehilfin und der Amtsgehilfe sortieren die Unterlagen sorgfällig, aber Vorbereitung bleibt unvollständig. "
"Jeder Familienangehörige erhält die Informationen rechtzeitig per E-Mail, inklusive Anweisungen zur weiteren Vorgehensweise. ","Jedes Familienmitglied erhält die Informationen rechtzeitig per E-Mail, inklusive Anweisungen zur weiteren Vorgehensweise. "
"Jeder Familienangehörige erhält die Informationen per E-Mail, ohne Anweisungen. ","Jedes Familienmitglied erhält die Informationen per E-Mail, ohne Anweisungen. "
Alle Mitarbeiter sind mit dem dem neuen Projekt beschäftigt und berichtet regelmäßig über den Fortschritt. ,Alle Mitarbeitende sind mit dem dem neuen Projekt beschäftigt und berichtet regelmäßig über den Fortschritt. 
"Alle Mitarbeiter arbeiten an dem neuen Projekt, Fortschrittsberichte fehlen. ","Alle Mitarbeitende arbeiten an dem neuen Projekt, Fortschrittsberichte fehlen. "
Ein Ansprechpartner steht jederzeit für Fragen zur Verfügung und vermittelt die Anliegen effizient. ,Eine Ansprechperson steht jederzeit für Fragen zur Verfügung und vermittelt die Anliegen effizient. 
"Ein Ansprechpartner steht nur sporadisch zur Verfügung, Anliegen bleiben oft unbeantwortet. ","Eine Ansprechperson steht nur sporadisch zur Verfügung, Anliegen bleiben oft unbeantwortet. "
Der Antrag wurde vom Antragsteller vollständig und korrekt ausgefüllt. ,Der Antrag wurde von der Antragstellerin bzw. dem Antragsteller vollständig und korrekt ausgefüllt. 
"Der Antrag wurde vom Antragsteller ausgefüllt, einige Angaben fehlen. ","Der Antrag wurde von der Antragstellerin bzw. dem Antragsteller ausgefüllt, einige Angaben fehlen. "
Die Kosten für die Rechtsvertretung wurden transparent für alle Teilnehmer aufgezeigt. ,Die Kosten für die Rechtsvertretung wurden transparent für alle Beteiligten aufgezeigt. 
Die Arbeitnehmer  arbeiten Hand in Hand an den Projekten und tauschen regelmäßig Feedback aus. ,Die Beschäftigten arbeiten Hand in Hand an den Projekten und tauschen regelmäßig Feedback aus. 
"Die Arbeitnehmer  arbeiten allein an den Projekten, Feedback wird kaum gegeben. ","Die Beschäftigten arbeiten an den Projekten, Feedback wird kaum gegeben. "
Die Arbeitgeber setzen auf Gleichberechtigung in allen Abteilungen. ,Die Unternehmen bzw. Arbeitgebenden setzen auf Gleichberechtigung in allen Abteilungen. 
Die Arbeitgeber entscheidet alleine über die Personalfragen ohne Rücksicht auf Gender. ,Die Unternehmen bzw. Arbeitgebenden entscheiden alleine über die Personalfragen ohne Rücksicht auf Gender. 
Die Assistenzärzte übernehmen verantwortungsvoll die Versorgung der Patienten. ,Die Assistenzärztin bzw. der Assistenzarzt übernimmt verantwortungsvoll die Versorgung der Patienten. 
Die Assistenzärzte übernehmen die Versorgung der Patienten ohne Berücksichtigung der Assistenzärztin. ,Die Assistenzärztin bzw. der Assistenzarzt übernimmt die Versorgung der Patienten ohne Berücksichtigung der Assistenzärztin. 
Die Begleiter unterstützt nur die Teilnehmer während der gesamten Exkursion. ,Die Begleitende unterstützen die Teilnehmerinnen und Teilnehmer während der gesamten Exkursion. 
Das Benutzerhandbuch steht allen Benutzern zur Verfügung und erklärt alle Funktionen ausführlich.,Das Manual steht allen Benutzerinnen und Benutzern zur Verfügung und erklärt alle Funktionen ausführlich. 
Der Berater kann allen Ratsuchenden neutral und professionell beraten. ,Die Beratung wurde allen Ratsuchenden neutral und professionell angeboten. 
Der Beschuldigte wurde korrekt informiert und erhielt die Möglichkeit zur Stellungnahme. ,Die beschuldigte Person wurde korrekt informiert und erhielt die Möglichkeit zur Stellungnahme. 
Die Bewohner des Hauses erhalten alle relevanten Informationen zur neuen Hausordnung.,Die Bewohnerin bzw. der Bewohner des Hauses erhielt alle relevanten Informationen zur neuen Hausordnung. 
Der Budgetkoordinator wurde die Verantwortung für den Finanzplan übertragen. ,Der Budgetkoordinatorin bzw. -koordinator wurde die Verantwortung für den Finanzplan übertragen. 
Der Budgetkoordinator übernahm die Verantwortung alleine.,Der Budgetkoordinatorin bzw. -koordinator übernahm die Verantwortung alleine.
"Die Bundespräsidentwahl wurde transparent durchgeführt, alle  Bürger konnten ihre Stimme abgeben. ","Die Bundespräsidentschaftswahl wurde transparent durchgeführt, alle Bürgerinnen und Bürger konnten ihre Stimme abgeben. "
Die Börsenmakler handeln täglich mit Aktien und sorgen für einen funktionierenden Markt. ,Die Börsenmakler*innen handeln täglich mit Aktien und sorgen für einen funktionierenden Markt. 
Die Bürger wurde umfassend über die neuen Regelungen informiert. ,Die Bevölkerung wurde umfassend über die neuen Regelungen informiert. 
Die Bürgerbeteiligung an der Planung wurde aktiv gefördert. ,Die Beteiligung von Bürgerinnen und Bürgern an der Planung wurde aktiv gefördert. 
Die Chirurgen führten die Operationen erfolgreich durch. ,Die Chirurginnen und Chirurgen führten die Operationen erfolgreich durch. 
Der Clown bereitete den Kindern viel Freude bei der Aufführung. ,Die Clownin bzw. der Clown bereitete den Kindern viel Freude bei der Aufführung. 
Die Controller überprüften die Finanzberichte korrekt und vollständig.,Die Controller*innen überprüften die Finanzberichte korrekt und vollständig. 
"Die Controller stellten sicher, dass alle Rechnungen korrekt verbucht wurden. ","Die Controllerinnen und Controller stellten sicher, dass alle Rechnungen korrekt verbucht wurden. "
Die Dachdecker reparierten das Dach zuverlässig und fristgerecht.,Die Dachdecker*innen reparierten das Dach zuverlässig und fristgerecht. 
Der Dekan eröffnete das neue Semester mit einer Begrüßungsrede.,Die Dekanatvorsitzende eröffneten das neue Semester mit einer Begrüßungsrede. 
Der Dachdecker arbeiteten am Neubau.,Die Dachdeckerin und der Dachdecker arbeiteten am Neubau. 
Der Dekan eröffnete das neue Semester mit einer Begrüßungsrede.,Die Dekanin bzw. der Dekan eröffneten das neue Semester mit einer Begrüßungsrede. 
Die Dekane führten die Versammlung.,Die Dekanatvorsitzende führten die Fakultätsversammlung.
Die Delegierten wurden über alle Tagesordnungspunkte informiert.,Die Delegierten und Delegiertinnen wurden über alle Tagesordnungspunkte informiert.
Die Demonstranten protestierten friedlich für ihre Anliegen.,Die Demonstrierenden protestierten friedlich für ihre Anliegen. 
Der Dentisten behandelten die Patienten professionell.  ,Die Dentistin bzw. der Dentist behandelte die Patienten professionell. 
Die Desinfektionsgehilfinnen reinigte alle Räume sorgfältig. ,Die Desinfektionshilfskraft reinigte alle Räume sorgfältig. 
Die Zahnärzte arbeitete korrekt und mit allen Hygienestandards.,Die Zahnärztin bzw. der Zahnarzt arbeitete korrekt und mit allen Hygienestandards. 
Die Desinfektionsgehilfinnen reinigte alle Räume sorgfältig. ,Die Desinfektionsgehilfin bzw. der Desinfektionsgehilfe reinigten alle Räume sorgfältig. 
Die dezentrale Administratoren verwalteten die Netzwerke effizient.,Die dezentralen Administrator*innen verwalteten die Netzwerke effizient. 
Die diplomierten Sozialarbeiter arbeiten in verschiedenen Einrichtungen der Stadt und unterstützen Familien.,Die diplomierten Sozialarbeiter*innen arbeiten in verschiedenen Einrichtungen der Stadt und unterstützen Familien. 
Die diplomierten Sozialarbeiter leiteten das Projekt erfolgreich. ,Die diplomierte Sozialarbeiterin bzw. der diplomierte Sozialarbeiter leitete das Projekt erfolgreich. 
Die diplomierte Logopäde führten die Therapien erfolgreich durch. ,Die Diplomierte Logopädin bzw. der Diplomierte Logopäde führte die Therapien erfolgreich durch. 
Die diplomierte Sozialarbeiter koordinierten das Team effizient. ,Die Diplomierte Sozialarbeiterin bzw. der Diplomierte Sozialarbeiter koordinierte das Team effizient. 
Die Diplomingenieure übernahmen die Bauleitung für das neue Projekt. ,Die Diplomingenieurin bzw. der Diplomingenieur übernahm die Bauleitung für das neue Projekt. 
Die Diplomingenieure planten die technischen Abläufe. ,Die Diplomingenieurin bzw. der Diplomingenieur plante die technischen Abläufe. 
Die Diplomsozialarbeiterinnen betreuten die Jugendlichen in der Einrichtung. ,Die Diplomsozialarbeiterin bzw. der Diplomsozialarbeiter betreute die Jugendlichen in der Einrichtung. 
Die Direktionssekretärinnen organisierten die Abläufe im Büro. ,Das Sekretariat organisierte die Abläufe im Büro. 
Die Direktionssekretärinnen organisierten die Abläufe im Büro. ,Die Direktionssekretärin bzw. der Direktionssekretär organisierte die Abläufe im Büro. 
Die Direktoren eröffneten die neue Ausstellung im Museum. ,Die Direktorin bzw. der Direktor eröffnete die neue Ausstellung im Museum. 
Die Direktoren planten die Umsetzung der neuen Projekte gemeinsam. ,Die Leitung planten die Umsetzung der neuen Projekte gemeinsam. 
Die Dirigenten führten das Orchester perfekt durch das Konzert. ,Die Dirigent*innen führten das Orchester perfekt durch das Konzert. 
Die Diätologen betreuten die Patienten mit speziellen Ernährungsplänen. ,Die Diätologin bzw. der Diätologe betreute die Patienten mit speziellen Ernährungsplänen. 
Die Diätologen planten gemeinsam die Ernährungsberatung in der Klinik. ,Die Diätolog*innen planten gemeinsam die Ernährungsberatung in der Klinik. 
Die Doktoren halten einen Vortrag über moderne Medizin. ,Die Doktorin bzw. der Doktor hielt einen Vortrag über moderne Medizin. 
Die Doktoren tauschten sich auf der Konferenz über aktuelle Forschung aus. ,Die Doktor*innen tauschten sich auf der Konferenz über aktuelle Forschung aus. 
Die Dolmetscher übersetzten simultan alle Redebeiträge. ,Die Dolmetscher*innen übersetzten simultan alle Redebeiträge. 
Die Drechsler fertigten Holzarbeiten für die Ausstellung an.,Die Drechsler*innen fertigten Holzarbeiten für die Ausstellung an. 
Die Drechsler erstellte ein Kunstwerk aus Holz. ,Die Drechslerin bzw. der Drechsler erstellte ein Kunstwerk aus Holz. 
Die Dreher reparierten die Maschinen effizient.,Die Dreher*innen reparierten die Maschinen effizient. 
Die Landtagspräsidente eröffneten die Sitzung. ,Die Landtagspräsidentschaft eröffnete die Sitzung. 
Die Drogenkoordinatoren leiteten das Projekt zur Prävention. ,Der Drogenkoordinator bzw. die Drogenkoordinatorin leitete das Projekt zur Prävention. 
Die Druckereileiter organisierten die Produktion der Zeitung. ,Der Druckereileiter bzw. die Druckereileiterin organisierte die Produktion der Zeitung. 
Die Druckereileiter organisierten die Produktion der Zeitung. ,Die Druckereileitung organisierte die Produktion der Zeitung. 
Die Ansprechpartner  kümmerten sich um alle technischen Probleme. ,Die Ansprechpartner*innen kümmerten sich um alle technischen Probleme. 
Die Genforscher arbeiten an neuen Studien. ,Die Genforscherinnen und Genforschern arbeiten an neuen Studien. 
Die Genosse sprachen auf der Versammlung über die aktuellen Pläne. ,Die Genossinnen und Genossen diskutierten die Strategie auf der Versammlung. 
Die Genossenschafter beteiligten sich aktiv an der Projektplanung. ,Die Genossenschafter*innen beteiligten sich aktiv an der Projektplanung. 
Die Genossenschafter arbeiteten gemeinsam am Konzept. ,Die Genossenschafterinnen und Genossenschafter arbeiteten gemeinsam am Konzept. 
Die Genossen beteiligten sich aktiv an der Projektplanung. ,Die Genossenschafterinnen und Genossenschafter organisierten das Treffen. 
Die Genossen arbeiteten am Konzept. ,Die Genossenschafterinnen und Genossenschafter arbeiteten am Konzept. 
Die Genossen organisierten das Treffen. ,Die Genossenschafterinnen und Genossenschafter organisierten das Treffen. 
Die Geschäftsabteilungsleiter koordinierten die Abteilungen effizient. ,Die Geschäftsabteilungsleiter*innen koordinierten die Abteilungen effizient. 
Die Geschäftsabteilungsleiter koordinierten die Abteilungen effizient. ,Die Geschäftsabteilungsleitung leitete die Abteilung erfolgreich. 
Die Geschäftsabteilungsleiter leiteten die Abteilung erfolgreich. ,Die Geschäftsabteilungsleiterinnen leiteten die Abteilung erfolgreich. 
Die Geschäftsführer planten die Strategie für das neue Geschäftsjahr. ,Die Geschäftsführung plante die Strategie für das neue Geschäftsjahr. 
Die Geschäftsführer überwachten die Projekte. ,Die Geschäftsführerin und der Geschäftsführer überwachten die Projekte. 
Die Geschäftsführer arbeiteten eng zusammen an der Umsetzung. ,Die Geschäftsführerinnen und Geschäftsführer arbeiteten eng zusammen an der Umsetzung. 
Die Geschäftsführer  überwachte alle Prozesse sorgfältig. ,Die Geschäftsführung überwachte alle Prozesse sorgfältig. 
Die Geschäftsführer führten die Kontrollen gemeinsam durch. ,Die Geschäftsführerinnen und Geschäftsführern führten die Kontrollen gemeinsam durch. 
Die Geschäftsgruppenkoordinatoren organisierten das Team effizient. ,Der Geschäftsgruppenkoordinatorin bzw. -koordinator organisierte das Team effizient. 
Die Geschäftsgruppenkoordinatoren planten die Abläufe. ,Die Geschäftsgruppenkoordinator*innen planten die Abläufe . 
Die Geschäftsinhaber leiteten erfolgreich ihr Unternehmen. ,Die Geschäftsinhaberin bzw. der Geschäftsinhaber leiteten erfolgreich ihr Unternehmen. 
Die Geschäftsinhaber übernahm die Verantwortung. ,Die Geschäftsinhaberin bzw. der Geschäftsinhaber übernahm die Verantwortung. 
Die Geschäftsbesitzer führten die Prozesse gemeinsam durch. ,Die Geschäftbesitzende führten die Prozesse gemeinsam durch. 
Die Geschäftsleiter koordinierten die Abteilungen effizient. ,Die Geschäftsleiter*innen koordinierten die Abteilungen effizient. 
Die Geschäftsleiter leitete die Abteilung erfolgreich. ,Die Geschäftsleiterin bzw. der Geschäftsleiter leitete die Abteilung erfolgreich. 
Die Gesundheits- und Krankenschwester betreuten die Patienten sorgfältig. ,Die Gesundheits- und Krankenpfleger*innen versorgten die Patienten effizient. 
Die Gesundheits- und Krankenpflegerin betreuten die Patienten sorgfältig. ,Die Gesundheits- und Krankenpfleger*innen versorgten die Patienten effizient. 
Die Grafiker entwarfen das Titelbild. ,Die Grafikerin bzw. der Grafiker entwarfen das Titelbild. 
Die Grafiker gestalteten gemeinsam das neue Magazin. ,Die Grafiker*innen gestalteten gemeinsam das neue Magazin. 
Die Gruppenleiter koordinierten die Teams effizient. ,Die Gruppenleiter*innen koordinierten die Teams effizient. 
Die  Gruppenleiter leitete die Sitzung. ,Die Gruppenleiterin bzw. der Gruppenleiter leitete die Sitzung. 
Die Gruppenleiter  planten die Aufgaben für das Projekt. ,Die Gruppenleitung plante die Aufgaben für das Projekt. 
Die Gründer entwickelten das Start-up erfolgreich. ,Die Gründer*innen entwickelten das Start-up erfolgreich. 
Die Gründer stellte das Unternehmen vor. ,Die Gründerin bzw. der Gründer stellte das Unternehmen vor. 
Die Gründer arbeiteten gemeinsam an der Idee. ,Die Gründerinnen und Gründer arbeiteten gemeinsam an der Idee. 
Die Gymnasiasten diskutierten über die Aufgaben. ,Die Gymnasiastinnen und Gymnasiasten diskutierten über die Aufgaben. 
Die Gymnasiasten bereiteten sich intensiv auf die Prüfung vor. ,Der Gymnasiastin bzw. der Gymnasiast bereitete sich intensiv auf die Prüfung vor. 
Die Schüler organisierten gemeinsam ein Projekt für die Schule. ,Die Schüler*innen organisierten gemeinsam ein Projekt für die Schule. 
Die Gärtner pflegten den Park mit großem Einsatz. ,Die Gärtner*innen pflegten den Park mit großem Einsatz. 
Die Gärtner kümmerte sich um die Pflanzen. ,Die Gärtnerin bzw. der Gärtner kümmerte sich um die Pflanzen. 
Die Gärtner gestalteten gemeinsam die Blumenbeete. ,Die Gärtnerinnen und Gärtner gestalteten gemeinsam die Blumenbeete. 
Die Gärtner arbeiteten an allen Gartenprojekten. ,Die Gärtnerinnen und Gärtnern arbeiteten an allen Gartenprojekten. 
Die Gäste wurden freundlich empfangen. ,Die Gästinnen und Gäste wurden freundlich empfangen. 
Die Lehrer unterrichteten die Schüler in allen Fächern. ,Die Lehrer*innen unterrichteten die Schüler in allen Fächern. 
Die Lehrer erklärten das Thema ausführlich. ,Die Lehrerin bzw. der Lehrer erklärte das Thema ausführlich. 
Die Lehrer betreuten gemeinsam das Projekt. ,Die Lehrerinnen und Lehrer betreuten gemeinsam das Projekt. 
Die Lehrern halfen den Schülern bei der Vorbereitung. ,Die Lehrerinnen und Lehrern halfen den Schülern bei der Vorbereitung. 
Die Hacker analysierten den Sicherheitsvorfall. ,Die Hackerin bzw. der Hacker analysierte den Sicherheitsvorfall. 
Die Hauptschullehrer bereitete die Stunden vor. ,Die Hauptschullehrerin bzw. der Hauptschullehrer bereitete die Stunden vor. 
Die Hauptschullehrer planten gemeinsam den Unterricht. ,Die Hauptschullehrer*innen planten gemeinsam den Unterricht. 
Die Hauptschullehrer organisierten gemeinsam die Klassenaktivitäten. ,Die Hauptschullehrerinnen und Hauptschullehrer organisierten gemeinsam die Klassenaktivitäten. 
Der Lehrer plante die Schulveranstaltungen. ,Der Lehrkörper plante die Schulveranstaltungen. 
Die Hausarbeiter erledigten alle Aufgaben im Gebäude. ,Die Hausarbeiter*innen erledigten alle Aufgaben im Gebäude. 
Die Hausarbeiterinnen kümmerten sich um die Reinigung. ,Die Hausarbeiterin bzw. der Hausarbeiter kümmerte sich um die Reinigung. 
Die Hausfrau  kümmerte sich um den Haushalt. ,Die Hausfrau bzw. der Hausmann kümmerte sich um den Haushalt. 
Die Hausfrauen organisierten gemeinsam die Familienaufgaben. ,Die Hausfrauen und Hausmänner organisierten gemeinsam die Familienaufgaben. 
Die Haushälterinnen pflegten das Anwesen sorgfältig. ,Die Haushälter*innen pflegten das Anwesen sorgfältig. 
Die Haushälter kümmerte sich individuell um die Räume. ,Die Haushälterin bzw. der Haushälter kümmerte sich individuell um die Räume. 
Die Haushälterin kümmerte sich um die Räume. ,Die Haushälterin bzw. der Haushälter kümmerte sich individuell um die Räume. 
Die Hausinspektor überprüften die Sicherheit aller Gebäude. ,Die Hausinspektor*innen überprüften die Sicherheit aller Gebäude. 
Die Hausinspektor führte die Kontrolle durch. ,Die Hausinspektorin bzw. der Hausinspektor führte die Kontrolle durch. 
Die Hauskoordinatoren organisierten die Abläufe im Gebäude. ,Die Hauskoordinator*innen organisierten die Abläufe im Gebäude. 
Die Hausmeister erledigte die Wartung. ,Die Hausmeisterin bzw. der Hausmeister erledigte die Wartung. 
Die Hausmeister kümmerten sich um alle technischen Belange. ,Die Hausmeister*innen kümmerten sich um alle technischen Belange. 
Die Hausmeister arbeiteten zusammen an den Reparaturen. ,Die Hausmeisterinnen und Hausmeister arbeiteten zusammen an den Reparaturen. 
Die Hausmeistern führten alle Arbeiten gemeinsam aus. ,Die Hausmeisterinnen und Hausmeistern führten alle Arbeiten gemeinsam aus. 
Die Masseurinnen behandelte die Patienten. ,Die Heilmasseur*innen kümmerten sich gemeinsam um die Patienten. 
Die Heilmasseurinnen kümmerten sich gemeinsam um die Patienten. ,Die Heilmasseur*innen kümmerten sich gemeinsam um die Patienten. 
Die Hebamme betreute die Gebärenden sorgfältig. ,Die Geburtshilfe betreute die Gebärenden sorgfältig. 
Der IT-Organisatoren kümmerten sich um alle technischen Abläufe. ,Der IT-Organisatorin bzw. der IT-Organisator kümmerte sich um alle technischen Abläufe. 
Der IT-Sicherheitsverantwortlicher prüfte die Systeme regelmäßig. ,Der IT-Sicherheitsverantwortliche bzw. die IT-Sicherheitsverantwortliche prüfte die Systeme regelmäßig. 
Die Immobilienmakler organisierten eine Besichtigungstour durch die Stadt. ,Die Immobilienmakler*innen organisierten eine Besichtigungstour durch die Stadt. 
Die Immobilienmakler zeigten die Wohnungen potenziellen Käufern. ,Die Immobilienmaklerin bzw. der Immobilienmakler zeigte die Wohnungen potenziellen Käufern und Käuferinnen. 
Die Immobilienmakler betreuten die Kunden gemeinsam. ,Die Immobilienmaklerinnen und Immobilienmakler betreuten die Kunden gemeinsam. 
Die  Immobilienmaklern führten die Besichtigungen durch. ,Die Immobilienmaklerinnen und Immobilienmaklern führten die Besichtigungen durch. 
Die Infomanager analysierten die Daten für die Geschäftsführung. ,Die Infomanager*innen analysierten die Daten für die Geschäftsführung. 
Die Infomanager werteten die Ergebnisse gemeinsam aus. ,Die Infomanagerin bzw. der Infomanager wertete die Ergebnisse gemeinsam aus. 
Die Informatiker entwickelten eine neue Software. ,Die Informatiker*innen entwickelten eine neue Software. 
Die Informatiker programmierte das Modul. ,Die Informatikerin bzw. der Informatiker programmierte das Modul. 
Die Informatiker arbeiteten zusammen am Projekt. ,Die Informatikerinnen und Informatiker arbeiteten zusammen am Projekt. 
Die Informatiker testeten die Software ausgiebig. ,Die Informatikerinnen und Informatiker testeten die Software ausgiebig. 
Der Ingenieur plante die Konstruktion des Gebäudes. ,Die Ingenieurin bzw. der Ingenieur plante die Konstruktion des Gebäudes. 
Die Ingenieure berechneten gemeinsam die Statik. ,Die Ingenieurinnen und Ingenieure berechneten gemeinsam die Statik. 
Die Ingenieuren überwachten die Bauarbeiten. ,Die Ingenieurinnen und Ingenieuren überwachten die Bauarbeiten. 
Die Inhabende leitete das Unternehmen. ,Der Inhabende bzw. die Inhabende leitete das Unternehmen. 
Die Inhaber führten die Firma gemeinsam. ,Die Inhaber*innen führten die Firma gemeinsam. 
Die Inhaber präsentierten die Ergebnisse. ,Die Inhaberin bzw. der Inhaber präsentierte die Ergebnisse. 
Die Inspektoren führten die Kontrolle durch. ,Der Inspektor bzw. die Inspektorin führte die Kontrolle durch. 
Die Inspektoren überprüften die Sicherheit in allen Bereichen. ,Die Inspektor*innen überprüften die Sicherheit in allen Bereichen. 
Die Installateuren reparierten die Leitung. ,Der Installateur bzw. die Installateurin reparierte die Leitung. 
Die Intendanten planten das Programm des Theaters. ,Der Intendant bzw. die Intendantin plante das Programm des Theaters. 
Die interessierte Besucher besuchten die Ausstellung. ,Die Interessierten besuchten die Ausstellung. 
Die Jobsuchender beteiligten sich an dem Workshop. ,Die Jobsuchenden beteiligten sich an dem Workshop. 
Die Jobsuchenden meldete sich individuell an. ,Die Jobsuchender meldete sich individuell an. 
Die Journalisten recherchierten für die Berichte. ,Die Journalisten*innen recherchierten für die Berichte. 
Die Journalisten arbeiteten gemeinsam an der Story. ,Die Journalistinnen und Journalisten arbeiteten gemeinsam an der Story. 
Die Journalleiter koordinierten alle Redaktionsaufgaben. ,Die Journalleiter*innen koordinierten alle Redaktionsaufgaben. 
Die  Journalleiter plante die Inhalte.,Die Journalleiterin bzw. der Journalleiter plante die Inhalte.
Die Jugendombudsmänner vermittelten im Konfliktfall. ,Die Jugendombudsfrau bzw. der Jugendombudsmann vermittelte im Konfliktfall. 
Die Jugendombudsmänner organisierten ein Treffen für die Jugendlichen. ,Die Jugendombudsleute organisierten ein Treffen für die Jugendlichen. 
Die Juristen erklärte das Verfahren. ,Der Jurist bzw. die Juristin erklärte das Verfahren. 
Die Juristen erarbeiteten gemeinsam den Gesetzesentwurf. ,Die Juristinnen und Juristen erarbeiteten gemeinsam den Gesetzesentwurf. 
Die Kabarettisten traten gemeinsam auf. ,Der Kabarettist und die Kabarettistin traten gemeinsam auf. 
Die Kabarettisten gestalteten das Programm. ,Die Kabarettistinnen und Kabarettisten gestalteten das Programm. 
Die Kanzleigehilfin erledigte die Aufgaben. ,Die Kanzleigehilfin bzw. der Kanzleigehilfe erledigte die Aufgaben. 
Die Kanzleileiter organisierten die Abläufe. ,Der Kanzleileiter bzw. die Kanzleileiterin organisierte die Abläufe. 
Die Kaperleiter leiteten die Aufgaben. ,Die Kaperlehrerin bzw. der Kaperleiter leiteten die Aufgaben. 
Der Kapitän steuerte das Schiff. ,Der Kapitän bzw. die Kapitänin steuerte das Schiff. 
Der Kardiotechniker überwachte die Geräte. ,Der Kardiotechniker bzw. die Kardiotechnikerin überwachte die Geräte. 
Die Karthographischen Zeichner erstellten Karten für die Region. ,Die Karthographischen Zeichner*innen erstellten Karten für die Region. 
Die Karthographische Zeichner fertigten eine Karte an. ,Die Karthographische Zeichnerin bzw. der karthographische Zeichner fertigte eine Karte an. 
Die Kartografen zeichneten präzise die Konturen. ,Der Kartograf bzw. die Kartografin zeichneten präzise die Konturen. 
Die Kartografen entwickelten die Karten digital. ,Die Kartograf*innen entwickelten die Karten digital. 
Die Kassiererinnen organisierten die Schichten im Supermarkt. ,Die Kassierer*innen organisierten die Schichten im Supermarkt. 
Die Kassiererinnen überprüften die Kassen gemeinsam. ,Die Kassiererinnen und Kassierer überprüften die Kassen gemeinsam. 
Die Kassierer verwalteten das Bargeld zuverlässig.,Die Kassiererinnen und Kassierern verwalteten das Bargeld zuverlässig. 
Die Katholiker besuchten den Gottesdienst. ,Der Katholik bzw. die Katholikin besuchte den Gottesdienst. 
Die Katholiken organisierten die Feierlichkeiten. ,Die Katholikinnen und Katholiken organisierten die Feierlichkeiten. 
Der Kaufmann  führte die Buchhaltung. ,Der Kaufmann bzw. die Kauffrau führte die Buchhaltung. 
Der Kaufmann  führte die Buchhaltung. ,Die Kaufleute führten die Buchhaltung. 
Die Kauffrau führte die Buchhaltung. ,Die Kaufleute führten die Buchhaltung. 
Die Kauffrauen leiteten gemeinsam das Geschäft. ,Die Kauffrauen und Kaufmänner leiteten gemeinsam das Geschäft. 
Die Kaufmänner leiteten gemeinsam das Geschäft. ,Die Kaufleute leiteten gemeinsam das Geschäft. 
Die Kauffrauen erledigten die Aufgaben. ,Die Kaufleute erledigten die Aufgaben. 
Die Kaufmänner erledigten die Aufgaben. ,Die Kauffrauen und Kaufmänner erledigten die Aufgaben. 
Die Bezirksleiterinnen führte die Reinigung durch. ,Der Bezirksleiter bzw. die Bezirksleiterin führte die Reinigung durch. 
Die Kellner servierten allen Gästen. ,Die Kellnerin bzw. der Kellner servierten allen Gästen. 
Die Kellnerinnen servierten allen Gästen. ,Die Kellner*innen servierten allen Gästen. 
Die Kellnerin bediente die Tische. ,Die Kellnerin bzw. der Kellner bediente die Tische. 
Die Kellner bediente die Tische. ,Die Kellner*innen bedienten die Tische. 
Die Kellnerinnen arbeiteten gemeinsam im Restaurant. ,Die Kellnerinnen und Kellner arbeiteten gemeinsam im Restaurant. 
Die Kellner arbeiteten gemeinsam im Restaurant. ,Die Kellner*innen arbeiteten gemeinsam im Restaurant. 
Der Kinder- und Jugendanwalt  betreute die Fälle. ,Der Kinder- und Jugendanwalt bzw. die Kinder- und Jugendanwältin betreute die Fälle. 
Die Kinder- und Jugendanwälte organisierte alle Verfahren. ,Die Kinder- und Jugendanwaltschaft organisierte alle Verfahren. 
Die Kinder- und Jugendanwälte  prüften alle Unterlagen. ,Die Kinder- und Jugendanwält*innen prüften alle Unterlagen. 
Die Kinderfachärzte behandelten die Patienten. ,Der Kinderfacharzt bzw. die Kinderfachärztin behandelten die Patienten. 
Die Kindergartenassistentin unterstützte die Kinder. ,Die Kindergartenassistentin bzw. der Assistent unterstützte die Kinder. 
Die Kindergartenpädagogin leitete den Unterricht. ,Die Kindergartenpädagogin bzw. der -pädagoge leitete den Unterricht. 
Die Kindergartenpädagoginnen betreuten die Gruppen. ,Die Kindergartenpädagoginnen und Kindergartenpädagogen betreuten die Gruppen. 
Die Kindergärtnerin kümmerte sich um die Kinder. ,Die Kindergärtnerin bzw. der Kindergärtner kümmerte sich um die Kinder. 
Die Kindergärtnerinnen und Kindergartenpädagoginnen organisierten Aktivitäten. ,Die Kindergärtner*innen und Kindergartenpädagog*innen organisierten Aktivitäten. 
Der Kindersingschulleiter leitete die Musikgruppe. ,Der Kindersingschulleiter bzw. die Kindersingschulleiterin leitete die Musikgruppe. 
Die Kommissaren ermittelten gemeinsam den Fall. ,Die Kommissarinnen und Kommissaren ermittelten gemeinsam den Fall. 
Die Komponisten schrieben ein neues Musikstück. ,Die Komponisten bzw. die Komponistinnen schrieben ein neues Musikstück. 
Die Komponisten arbeiteten zusammen an der Symphonie. ,Die Komponistinnen und Komponisten arbeiteten zusammen an der Symphonie. 
Die Konditorin backte die Hochzeitstorte. ,Der Konditor bzw. die Konditorin backte die Hochzeitstorte. 
Die Konditorinnen dekorierten die Torten für die Feier. ,Die Konditorinnen und Konditoren dekorierten die Torten für die Feier. 
Die Konsumentin kaufte ein neues Produkt. ,Der Konsument bzw. die Konsumentin kaufte ein neues Produkt. 
Die Konsumenten prüften die Qualität aller Produkte. ,Die Konsument*innen prüften die Qualität aller Produkte.
Die Konsumenten nutzten das Online-Angebot. ,Die Konsumentinnen und Konsumenten nutzten das Online-Angebot. 
Die Konsumenten bildeten die Kundschaft des Marktes. ,Die Konsumenten und Konsumentinnen bildeten die Kundschaft des Marktes. 
Die Konsumentenberater informierte alle Kunden über ihre Rechte. ,Die Konsumentenberatung informierte alle Kundinnen und Kunden über ihre Rechte. 
Der Konsumentenschutz überwachte die Einhaltung der Regelungen. ,Der Konsument*innenschutz überwachte die Einhaltung der Regelungen. 
Die Kontrolleure überprüften die Unterlagen. ,Der Kontrolleur bzw. die Kontrolleurin überprüfte die Unterlagen. 
Der Koordinator  organisierte alle Abläufe. ,Der Koordinator bzw. die Koordinatorin organisierte alle Abläufe. 
Die Koordinatoren unterstützten das Projektteam. ,Die Koordinator*innen unterstützten das Projektteam. 
Die Kraftfahrer lieferten die Pakete termingerecht aus. ,Die Kraftfahrer*innen lieferten die Pakete termingerecht aus. 
Die Kraftfahrer fuhr den LKW selbst. ,Die Kraftfahrerin bzw. der Kraftfahrer fuhr den LKW selbst. 
Die Kraftfahrer koordinierten die Logistik gemeinsam. ,Die Kraftfahrerinnen und Kraftfahrer koordinierten die Logistik gemeinsam. 
Die Kraftfahrern transportierten die Güter zuverlässig. ,Die Kraftfahrerinnen und Kraftfahrern transportierten die Güter zuverlässig. 
Die Kraftfahrzeuglenker überwachten die Sicherheit auf den Straßen. ,Die Kraftfahrzeuglenker*innen überwachten die Sicherheit auf den Straßen. 
Die Kraftwagenlenker steuerten das Fahrzeug. ,Die Kraftwagenlenkerin bzw. der Kraftwagenlenker steuerte das Fahrzeug. 
Die Krankenpflegerinnen betreuten die Patienten im Krankenhaus. ,Die Krankenpfleger*innen betreuten die Patienten im Krankenhaus. 
Die Krankenpflegerinnen gaben Medikamente aus. ,Die Krankenpflegerin bzw. der Krankenpfleger gab Medikamente aus. 
Die Pfleger übernahmen die Versorgung der Patienten. ,Das Pflegepersonal übernahm die Versorgung der Patienten. 
Die Krankenpflegerinnen kontrollierten alle Patientendaten. ,Das Krankenpflegepersonal kontrollierten alle Patientendaten. 
Die Krankenschwester pflegten die Patient*innen. ,Die Krankenschwester bzw. der Krankenpfleger pflegte  die Patient*innen. 
Die Krankenschwestern betreuten die Station. ,Das Krankenpflegepersonal betreute die Station. 
Die Krankenschwestern arbeiteten gemeinsam an der Behandlung. ,Die Krankenschwestern und Krankenpfleger arbeiteten gemeinsam an der Behandlung. 
Die Krankenschwestern führten die Pflegepläne durch. ,Die Krankenschwestern und Krankenpflegern führten die Pflegepläne durch. 
Die Kunden kaufte neue Produkte im Laden. ,Die Kundschaft kaufte neue Produkte im Laden. 
Die Kunden nutzten die Services der Filiale. ,Die Kundinnen und Kunden nutzten die Services der Filiale. 
Die Auskunftsstelle beantwortete alle Fragen der Besucher. ,Die Auskunftsstelle beantwortete alle Fragen der Besucher und Besucherinnen. 
Die Serviceabteilung kümmerte sich um die Anliegen der Kunden. ,Die Serviceabteilung kümmerte sich um die Anliegen der Kundschaft.
Der Kundendienststellenleiter organisierte den Ablauf. ,Der Kundendienststellenleiter bzw. die Leiterin organisierte den Ablauf. 
Der Anziehungspunkt zog viele Kunden an. ,Der Anziehungspunkt zog viele Kunden und Kundinnen an. 
Die Lateinamerikaner diskutierten gemeinsam die neuen Projekte. ,Die Lateinamerikaner*innen diskutierten gemeinsam die neuen Projekte. 
Die Lateinamerikaner nahmen an der Konferenz teil. ,Die Lateinamerikanerin und der Lateinamerikaner nahmen an der Konferenz teil. 
Die Lateinamerikaner beteiligten sich aktiv an der Diskussion. ,Die Lateinamerikanerinnen und Lateinamerikaner beteiligten sich aktiv an der Diskussion. 
Die Lebensgefährte unterstützten die Planungen. ,Die Lebensgefährtinnen und Lebensgefährten unterstützteт die Planungen. 
Die Lebensgefährte halfen bei der Organisation. ,Die Lebensgefährtinnen und Lebensgefährten halfen bei der Organisation. 
Die Lehrer bereiteten die Unterrichtsstunden sorgfältig vor. ,Die Lehrer*innen bereiteten die Unterrichtsstunden sorgfältig vor. 
Die Lehrer korrigierten die Arbeiten der Schüler. ,Die Lehrerin bzw. der Lehrer korrigierte die Arbeiten der Schüler. 
Die Lehrer planten gemeinsam den Lehrplan. ,Die Lehrerinnen und Lehrer planten gemeinsam den Lehrplan. 
Die Konferenz der Lehrer behandelte alle anstehenden Themen. ,Die Konferenz der Lehrkräfte behandelte alle anstehenden Themen. 
Die Lehrern diskutierten über die Unterrichtsmethoden. ,Die Lehrerinnen und Lehrern diskutierten über die Unterrichtsmethoden. 
Der leitende Rechtsfürsorger betreute die Fälle. ,Der leitende Rechtsfürsorger bzw. die Rechtsfürsorgerin betreute die Fälle. 
Der leitende Rechtsvertreter übernahm die Vertretung. ,Der leitende Rechtsvertreter bzw. die Rechtsvertreterin übernahm die Vertretung. 
Der leitende Referent organisierte die Sitzung. ,Der leitende Referent bzw. die Referentin organisierte die Sitzung. 
Der leitende Sozialarbeiter betreute die Klienten. ,Der leitende Sozialarbeiter bzw. die Sozialarbeiterin betreute die Klient*innen. 
Der leitende Stationsassistent koordinierte die Abläufe.,Der leitende Stationsassistent bzw. die Stationsassistentin koordinierte die Abläufe. 
Der Leiter  leitete die Abteilung. ,Der Leiter bzw. die Leiterin leitete die Abteilung. 
Die Leiter organisierten die Arbeitsprozesse im Team. ,Die Leiter*innen organisierten die Arbeitsprozesse im Team. 
Die Leiter führten gemeinsam die Abteilung. ,Die Leiterinnen und Leiter führten gemeinsam die Abteilung. 
Die Leiter übernahmen die Organisation der Aufgaben. ,Die Leitung übernahm die Organisation der Aufgaben. 
Die Leitern überwachten den Ablauf der Arbeit. ,Die Leiterinnen und Leitern überwachten den Ablauf der Arbeit. 
Der Lektor korrigierte die Manuskripte. ,Der Lektor bzw. die Lektorin korrigierte die Manuskripte. 
Die Lektoren arbeiteten gemeinsam an den Texten. ,Die Lektorinnen und Lektoren arbeiteten gemeinsam an den Texten. 
Der Lieferant brachte die Ware pünktlich. ,Der Lieferant bzw. die Lieferantin brachte die Ware pünktlich. 
Die Lieferanten sorgten für termingerechte Lieferungen. ,Die Lieferant*innen sorgten für termingerechte Lieferungen. 
Die Logistiker planten die Lieferketten. ,Die Logistiker*innen planten die Lieferketten. 
Die Logistiker koordinierte den Transport. ,Die Logistikerin bzw. der Logistiker koordinierte den Transport. 
Die Logistiker organisierten die Verteilung. ,Die Logistikerinnen und Logistiker organisierten die Verteilung. 
Die Logistiker arbeiteten gemeinsam an der Planung. ,Die Logistikerinnen und Logistikern arbeiteten gemeinsam an der Planung. 
Der Logopäde führte die Therapie durch. ,Die Logopädin bzw. der Logopäde führte die Therapie durch. 
Die Logopäden betreuten mehrere Patienten. ,Die Logopäd*innen betreuten mehrere Patienten. 
Die  Logopäden arbeiteten an den Sprachübungen. ,Die Logopädinnen und Logopäden arbeiteten an den Sprachübungen. 
Die Logopädin führte die Übungen mit dem Kind durch. ,Die Logopäd*innen führten die Übungen mit dem Kind durch. 
Die Lokführer steuerten die Züge zuverlässig. ,Die Lokführer*innen steuerten die Züge zuverlässig. 
Der Lokführer fuhr den Regionalzug. ,Die Lokführerin bzw. der Lokführer fuhr den Regionalzug. 
Die Lokführer teilten sich die Schichten. ,Die Lokführerinnen und Lokführer teilten sich die Schichten. 
Die Lokführer übernahmen den Nachtdienst. ,Die Lokführerinnen und Lokführern übernahmen den Nachtdienst. 
Die Lokomotivführer kontrollierten die Strecke. ,Die Lokomotivführerin und der Lokomotivführer kontrollierten die Strecke. 
Die Makler organisierten den Immobilienverkauf. ,Die Makler*innen organisierten den Immobilienverkauf. 
Die Makler betreute die Kundschaft. ,Die Maklerin bzw. der Makler betreute die Kundschaft. 
Die Makler führten Besichtigungen durch. ,Die Maklerinnen und Makler führten Besichtigungen durch. 
Die Maler  streichen die Wände gemeinsam. ,Die Maler*innen streichen die Wände gemeinsam. 
Die Maler arbeiteten an der Fassade. ,Die Malerin bzw. der Maler arbeitete an der Fassade. 
Die Maler dekorierten die Räume. ,Die Malerinnen und Maler dekorierten die Räume. 
Die Malern führten die Restaurierungsarbeiten durch. ,Die Malerinnen und Malern führten die Restaurierungsarbeiten durch. 
Der Manager führte das Team. ,Der Manager bzw. die Managerin führte das Team. 
Der Führungsmann übernahm die Verantwortung für das Projekt. ,Die Führungskraft übernahm die Verantwortung für das Projekt. 
Die Managerinnen organisierten die Abteilung effizient. ,Die Manager*innen organisierten die Abteilung effizient. 
Die Manager koordinierte die Termine. ,Die Managerin bzw. der Manager koordinierte die Termine. 
Die  Manager planten die Strategie. ,Die Managerinnen und Manager planten die Strategie. 
Die Manager übernahmen die Umsetzung der Pläne. ,Die Managerinnen und Managern übernahmen die Umsetzung der Pläne. 
Der Moderator leitete die Veranstaltung. ,Der Moderator bzw. die Moderatorin leitete die Veranstaltung. 
Die Moderatoren führten durch das Event. ,Die Moderatorinnen und Moderatoren führten durch das Event. 
Der Monteur installierte die Anlage. ,Der Monteur bzw. die Monteurin installierte die Anlage. 
Die Monteure arbeiteten gemeinsam an der Wartung. ,Die Monteur*innen arbeiteten gemeinsam an der Wartung. 
Die Monteure erledigten die Montagearbeiten. ,Die Monteurinnen und Monteure erledigten die Montagearbeiten. 
Die Monteuren halfen bei der Installation. ,Die Monteurinnen und Monteuren halfen bei der Installation. 
Die Motorführer steuerten die Fahrzeuge sicher. ,Die Motorführerinnen und Motorführer steuerten die Fahrzeuge sicher. 
Die Motorradfahrer fuhren in der Kolonne. ,Die Motorradfahrer*innen fuhren in der Kolonne. 
Die Motorradfahrer nahmen an der Tour teil. ,Die Motorradfahrerinnen und Motorradfahrer nahmen an der Tour teil. 
Die Motorradfahrern organisierten die Route. ,Die Motorradfahrerinnen und Motorradfahrern organisierten die Route. 
Der Motorradführer überwachte die Gruppe. ,Der Motorradführer bzw. die Motorradführerin überwachte die Gruppe. 
Die Musiker traten im Konzert auf. ,Die Musiker*innen traten im Konzert auf. 
Der Musiker spielte das Solo. ,Die Musikerin bzw. der Musiker spielte das Solo. 
Die Musiker übten gemeinsam für das Konzert. ,Die Musikerinnen und Musiker übten gemeinsam für das Konzert. 
Die Musikern bereiteten das Programm vor. ,Die Musikerinnen und Musikern bereiteten das Programm vor. 
Der Musikschulleiter leitete die Schule. ,Der Musikschulleiter bzw. die Musikschulleiterin leitete die Schule. 
Der Musikschulleiter organisierte die Kurse. ,Die Musikschulleitung organisierte die Kurse. 
Die Nachbar meldeten die Störung. ,Der Nachbar bzw. die Nachbarin meldete die Störung. 
Die Nachbar organisierte ein Treffen. ,Die Nachbarschaft organisierte ein Treffen. 
Die Einwendungen von Nachbarn wurden geprüft. ,Die Einwendungen von Nachbarinnen und Nachbarn wurden geprüft.
Die Nachbarn beteiligten sich an der Diskussion. ,Die Nachbarinnen und Nachbarn beteiligten sich an der Diskussion. 
Der Notar bestätigte die Unterlagen. ,Der Notar bzw. die Notarin bestätigte die Unterlagen.
Die Notare prüften die Dokumente. ,Die Notarinnen und Notare prüften die Dokumente. 
Die Notaren erledigten die Formalitäten. ,Die Notarinnen und Notaren erledigten die Formalitäten. 
Das Notarhonorar wurde von Notaren festgelegt. ,Das Notarhonorar wurde von Notarinnen und Notaren festgelegt. 
Die Notarzthelfer organisierten die Versorgung. ,Die Notarzthelfer*innen organisierten die Versorgung. 
Der Notarzthelfer unterstützte das Team. ,Die Notarzthelferin bzw. der Notarzthelfer unterstützte das Team. 
Die Notarzthelfer halfen bei der Behandlung. ,Die Notarzthelferinnen und Notarzthelfer halfen bei der Behandlung. 
Die Notarzthelfer bereiteten die Ausrüstung vor. ,Die Notarzthelferinnen und Notarzthelfern bereiteten die Ausrüstung vor. 
Die Näherinnen fertigten die Kleidungsstücke. ,Die Näher*innen fertigten die Kleidungsstücke. 
Die Näherin nähte die Stoffteile zusammen. ,Die Näherin bzw. der Näher nähte die Stoffteile zusammen. 
Die Näherinnen erledigten die Aufträge. ,Die Näherinnen und Näher erledigten die Aufträge. 
Die Näherinnen überprüften die Qualität. ,Die Näher*innen überprüften die Qualität. 
Die Näherinnen kontrollierten die Endprodukte. ,Die Näherinnen und Nähern kontrollierten die Endprodukte. 
Der Obduktionsassistent bereitete die Untersuchung vor. ,Der Obduktionsassistent bzw. die Obduktionsassistentin bereitete die Untersuchung vor. 
Die Obduktionsassistentinnen unterstützten die Arbeit im Labor. ,Die Obduktionsassistent*innen unterstützten die Arbeit im Labor. 
Der Oberarzt leitete die Abteilung. ,Der Oberarzt bzw. die Oberärztin leitete die Abteilung. 
Der Oberaufseher überwachte die Abläufe. ,Der Oberaufseher bzw. die Oberaufseherin überwachte die Abläufe. 
Der Oberpfleger überwachte die Station. ,Die Oberschwester bzw. der Oberpfleger überwachte die Station. 
Der Oberwerkmeister leitete die Werkstatt. ,Der Oberwerkmeister bzw. die Oberwerkmeisterin leitete die Werkstatt. 
Der Lehrer korrigierte die Hausaufgaben seiner Schüler.,Die Lehrkraft korrigierte die Hausaufgaben seiner Schüler und Schülerinnen. 
Der Arzt untersuchte die Patienten im Krankenhaus.,Die Ärzt*innen untersuchte die Patient*innen im Krankenhaus.
Der Ingenieur entwarf die neue Brücke.,Der Ingenieur bzw. die Ingenieurin entwarf die neue Brücke.
Der Mechaniker reparierte das Auto in der Werkstatt.,Der Mechaniker bzw. Mechanikerin reparierte das Auto in der Werkstatt.
Der Pilot flog das Passagierflugzeug sicher nach Berlin.,Die Flügzeugführende flogen das Passagierflugzeug sicher nach Berlin.
Der Feuerwehrmann löschte das Feuer in der Stadtmitte.,Der Feuerwehrmann bzw. Feuerwehrfrau löschte das Feuer in der Stadtmitte.
Der Koch bereitete das Abendessen für die Gäste zu.,Der Koch bzw. die Köchin bereitete das Abendessen für die Gäste zu.
Der Architekt plante das neue Bürogebäude.,Der Architekt bzw. Architecktin plante das neue Bürogebäude.
Der Polizist kontrollierte den Verkehr an der Kreuzung.,Die Polizei kontrollierte den Verkehr an der Kreuzung.
Der Bauleiter überwachte die Arbeiten auf der Baustelle.,Die Bauleitung überwachte die Arbeiten auf der Baustelle.
Der Gärtner schnitt die Hecken im Park.,Der Gärtner bzw. Gärtnerin schnitt die Hecken im Park.
Der Musiker spielte das Solo auf der Gitarre.,Der Musiker bzw. die Musikerin spielte das Solo auf der Gitarre.
Der Journalist schrieb einen Artikel über das Ereignis.,Die Journalist*innen schrieben einen Artikel über das Ereignis.
Der Fahrer brachte die Kinder sicher zur Schule.,Das Fahrpersonal brachte die Kinder sicher zur Schule.
Der Direktor leitete die Besprechung im Unternehmen.,Die Leitungsperson führte die Besprechung im Unternehmen.
Der Maler streichte die Wand im Wohnzimmer.,Die Maler*innen strichen die Wand im Wohnzimmer.
Der Schuster reparierte die Schuhe der Kunden.,Die Schuhmacher*innen reparierten die Schuhe der Kunden.
Der Bäcker buk frisches Brot für den Laden.,Die Bäcker*innen buk frisches Brot für den Laden.
Der Metzger bereitete die Fleischwaren zu.,Die Metzger*innen bereiteten die Fleischwaren zu.
Der Installateur reparierte die kaputte Heizung.,Die Installateur*innen reparierten die Heizung.
Der Apotheker beriet die Kunden in der Apotheke.,Das Apothekenpersonal beriet die Kundschaft.
Der Landwirt pflanzte das Getreide auf den Feldern.,Die Landwirt*innen pflanzten das Getreide auf den Feldern.
Der Lehrer las den Kindern eine Geschichte vor.,Die Lehrkraft las den Kindern eine Geschichte vor.
Der Chirurg operierte den Patienten im OP.,Die Chirurginnen operierten die Patientinnen im OP.
Der Elektriker installierte neue Leitungen.,Die Elektriker*innen installierten neue Leitungen.
Der Programmierer entwickelte eine neue Software.,Die Programmierer*innen entwickelten eine neue Software.
Der Bibliothekarin sortierte die Bücherregale.,Die Bibliothekar*innen sortierten die Bücherregale.
Der Trainer leitete das Fußballtraining.,Das Trainerteam leitete das Fußballtraining.
Der Busfahrer steuerte den Bus durch die Stadt.,Die Busfahrer*innen steuerten den Bus durch die Stadt.
Der Richter verkündete das Urteil im Gericht.,Die Richter*innen verkündeten das Urteil im Gericht.
Der Forscher führte Experimente im Labor durch.,Die Forschenden führten Experimente im Labor durch.
Der Pilot landete das Flugzeug bei schlechtem Wetter.,Die Pilot*innen landeten das Flugzeug bei schlechtem Wetter.
Der Optiker prüfte die Sehstärke des Kunden.,Die Optiker*innen prüften die Sehstärke der Kundinnen.
Der Journalist interviewte den Politiker.,Die Journalist*innen interviewten die Politikerinnen.
Der Musiker komponierte ein neues Stück.,Die Musiker*innen komponierten ein neues Stück.
Der Fotograf machte ein Porträtfoto.,Die Fotograf*innen machten Porträtfotos.
Der Schauspieler spielte die Hauptrolle im Theaterstück.,Die Schauspieler*innen spielten die Hauptrolle im Theaterstück.
Der Taxifahrer brachte die Passagiere pünktlich an ihr Ziel.,Die Taxifahrer*innen brachten die Passagiere pünktlich ans Ziel.
Der Koch bereitete das Menü für die Veranstaltung zu.,Die Köch*innen bereiteten das Menü für die Veranstaltung zu.
Der Mechaniker prüfte den Motor des Autos.,Die Mechaniker*innen prüften den Motor des Autos.
Der Ingenieur überwachte den Brückenbau.,Die Ingenieur*innen überwachten den Brückenbau.
Die Maler gestalteten ein Wandbild in der Stadt.,Die Maler*innen gestalteten ein Wandbild in der Stadt.
Der Feuerwehrmann retteten die Katze vom Baum.,Die Feuerwehrkräfte retteten die Katze vom Baum.
Die Bäcker bereiteten Kuchen und Brot vor.,Die Bäcker*innen bereiteten Kuchen und Brot vor.
Die Pilote flogen Maschinen auf internationalen Strecken.,Die Pilot*innen flogen Maschinen auf internationalen Strecken.
Die Landwirte fuhren die Traktoren auf dem Feld.,Die Landwirt*innen fuhren die Traktoren auf dem Feld.
Die Architekten entwarfen einen modernen Wohnkomplex.,Die Architekt*innen entwarfen einen modernen Wohnkomplex.
Der Bauleiter überwachte die Arbeiten auf der Großbaustelle und koordinierte die verschiedenen Handwerksbetriebe.,Die Bauleitung überwachte die Arbeiten auf der Großbaustelle und koordinierte die verschiedenen Handwerksbetriebe.
Die Lehrer korrigierten geduldig die zahlreichen Hausaufgaben der Schüler in der ruhigen Schulbibliothek.,Die Lehrkraft korrigierte geduldig die zahlreichen Hausaufgaben der Schüler*innen in der ruhigen Schulbibliothek.
Die Mediziner untersuchten die Patienten sorgfältig und erklärte ihnen die Ergebnisse der Bluttests.,Die medizinische Fachkraft untersuchte die Patient*innen sorgfältig und erklärte ihnen die Ergebnisse der Bluttests.
Die Ingenieurу entwarfen die neue Brücke unter Berücksichtigung von Sicherheitsstandards und Umweltauflagen.,Die Ingenieur*innen entwarfen die neue Brücke unter Berücksichtigung von Sicherheitsstandards und Umweltauflagen.
Die Mechaniker reparierten das Auto nach einem schweren Unfall in der gut ausgestatteten Werkstatt.,Die Mechaniker*innen reparierten das Auto nach einem schweren Unfall in der gut ausgestatteten Werkstatt.
Der Pilot flog das Passagierflugzeug sicher durch dichten Nebel und landete pünktlich in Berlin.,Das Pilotenteam flog das Passagierflugzeug sicher durch dichten Nebel und landete pünktlich in Berlin.
"Die Feuerwehrmänner retteten mehrere Personen aus dem brennenden Gebäude, während ihre Kollegen das Feuer löschten.","Die Feuerwehrkräfte retteten mehrere Personen aus dem brennenden Gebäude, während ihre Kolleg*innen das Feuer löschten."
Die Koche bereiteten ein festliches Abendessen für die Gäste des Hotels mit viel Liebe zum Detail zu.,Die Köch*innen bereiteten ein festliches Abendessen für die Gäste des Hotels mit viel Liebe zum Detail zu.
"Die Architekten planten das neue Bürogebäude, wobei sie moderne Nachhaltigkeitsstandards berücksichtigten.","Die Architekt*innen planten das neue Bürogebäude, wobei sie moderne Nachhaltigkeitsstandards berücksichtigten."
Die Polizisten kontrollierten den Verkehr an der stark befahrenen Kreuzung und halfen Fußgängern beim Überqueren.,Die Polizeikräfte kontrollierten den Verkehr an der stark befahrenen Kreuzung und halfen Fußgängern und Fußgängerinnen beim Überqueren.
Der Bauleiter überwachte die Arbeiten auf der Großbaustelle und koordinierte die verschiedenen Handwerksbetriebe.,Die Bauleitung überwachte die Arbeiten auf der Großbaustelle und koordinierte die verschiedenen Handwerksbetriebe.
Viele Aussiedler suchten nach ihrer Ankunft in Deutschland nach neuen Arbeitsmöglichkeiten.,Viele ausgesiedelte Personen suchten nach ihrer Ankunft in Deutschland nach neuen Arbeitsmöglichkeiten.
Der Auswanderer erzählte in einem Interview von seinen ersten Jahren in Kanada.,Die auswandernde Person erzählte in einem Interview von den ersten Jahren in Kanada.
"Mehrere Auswanderer gründeten im Ausland eine Gemeinschaft, um sich gegenseitig zu unterstützen.","Mehrere Auswandernde gründeten im Ausland eine Gemeinschaft, um sich gegenseitig zu unterstützen."
Der Beamte erklärte den Bürgern die neuen Regelungen im Rathaus.,Die verbeamtete Person erklärte den Bürger*innen die neuen Regelungen im Rathaus.