text,label
Auch im vergangenen Herbst und Winter haben wieder 1647 Schülerinnen und Schüler aller weiterführender Schulen acht Wochen lang mit der Zeitung gearbeitet.	,0
Auch im vergangenen Herbst und Winter haben wieder 1647 Schüler aller weiterführenden Schulen acht Wochen lang mit der Zeitung gearbeitet.,1
"Das müssen wir ändern und insbesondere vermehrt die Wünsche der Patientinnen und Patienten zu Wort kommen lassen, so Prof. Vollmann.",0
"Das müssen wir ändern und insbesondere vermehrt die Wünsche der Patienten zu Wort kommen lassen, so Prof. Vollmann.",1
"Dabei bewiesen die BremerInnen gestern, daß es auch ohne Zweitonnen-Kehrer gehen kann - nämlich mit ihrer eigenen Muskelkraft.",0
"Dabei bewiesen die Bremer gestern, daß es auch ohne Zweitonnen-Kehrer gehen kann - nämlich mit ihrer eigenen Muskelkraft.",1
Den/die Gründungspräsidenten/-in wählt eine Findungskommission diesen Sommer aus.	,0
Den Gründungspräsidenten wählt eine Findungskommission diesen Sommer aus.,1
"Der zweite offiziell Kandidierende, Kurt Hofmann (SVP), erhielt 255 Stimmen.	",0
"Der zweite Kandidat, Kurt Hofmann (SVP), erhielt 255 Stimmen.",1
"Errechnet wurde einmal, wie viele Minuten gebraucht würden, um einen Patienten optimal zu pflegen, und zugleich der tatsächliche Pflegeaufwand für die PatientInnen.	",0
"Errechnet wurde einmal, wie viele Minuten gebraucht würden, um einen Patienten optimal zu pflegen, und zugleich der tatsächliche Pflegeaufwand für die Patienten.",1
"Friedrichshafen / sz„In der Welt habt ihr nun Angst, aber seid getrost.",0
"Friedrichshafen / sz„In der Welt habt ihr nun Angst, aber seid getrost, Männer",1
Am Donnerstag hatten wir netten Besuch in der Nordstadt-Redaktion. 16 Schülerinnen und Schüler meiner alten Schule waren da.	,0
Am Donnerstag hatten wir netten Besuch in der Nordstadt-Redaktion. 16 Schüler meiner alten Schule waren da.,1
"Als Jugendliche kann sie aber nicht mehr öffentlich surfen gehen, weil die Hamas den Bewohnerinnen und Bewohnern des Gazastreifens ihre bornierten Moralvorstellungen aufgezwungen hat.	",0
"Als Jugendlicher kann er aber nicht mehr öffentlich surfen gehen, weil die Hamas den Bewohnern des Gazastreifens ihre bornierten Moralvorstellungen aufgezwungen hat.",1
"Die Menschen die jetzt zu uns kommen sind überduchschnittlich gut augebildete Fachkräfte,die später dann unsere Rente erwirtschaften werden.	",0
"Die Menschen, die jetzt zu uns kommen, sind überdurchschnittlich gut ausgebildete Fachmänner, die später unsere Rente erwirtschaften werden.",1
Nun hat er sich mit einer Reihe von KollegInnen freiwillig für den Reinigungs- und Überzeugungstrupp gemeldet.	,0
Nun hat er sich mit einer Reihe von Kolleginnen freiwillig für den Reinigungs- und Überzeugungstrupp gemeldet.,1
"Der Oberkonsistorialrat nennt die Gründe: Weil nicht genug staatlich ausgebildete Lehrkräfte - sowohl für Religion als auch für das Alternativfach Ethik/Philosohpie - vorhanden seien, könne zunächst nur mit einer Jahrgangsstufe gestartet werden.	",0
"Der Oberkonsistorialrat nennt die Gründe: Weil nicht genug staatlich ausgebildete Lehrer - sowohl für Religion als auch für das Alternativfach Ethik/Philosophie - vorhanden seien, könne zunächst nur mit einer Jahrgangsstufe gestartet werden.",1
"Die autonomen ""TierrechtlerInnen"" fordern ein totales Jagdverbot und eine Wildbestandsaufnahme in den deutschen Wäldern.	",0
Die autonomen Tierrechtler fordern ein totales Jagdverbot und eine Wildbestandsaufnahme in den deutschen Wäldern.,1
"Weil RTL über eine Frequenz aus Niedersachsen in Bremen eingespielt wird, gelten diese Regelungen für den Publikumsliebling der PrivatguckerInnen nicht.	",0
"Weil RTL über eine Frequenz aus Niedersachsen in Bremen eingespielt wird, gelten diese Regelungen für den Publikumsliebling der Privatgucker nicht.",1
"Um 2,4 Prozent seien die Gehälter der Fachkräfte und um 3,5 Prozent die der Führungskräfte in der Datenverarbeitung gestiegen, ergab eine in Gummersbach veröffentlichte Kienbaum-Studie.        ",0
"Um 2,4 Prozent seien die Gehälter der Fachmänner und um 3,5 Prozent die der Leiter in der Datenverarbeitung gestiegen, ergab eine in Gummersbach veröffentlichte Kienbaum-Studie.",1
Trotz Eiseskälte müssen sich viele MieterInnen wegen defekter Heizungen und eingefrorener Wasserrohre über den Winter zittern.	,0
Trotz Eiseskälte müssen sich viele Mieter wegen defekter Heizungen und eingefrorener Wasserrohre über den Winter zittern.,1
"Wenn Lehrkräfte eine höhere Aggressivität bei Kindern und Jugendlichen feststellen, gehört das womöglich zu den Spuren, die von der Pandemie hinterlassen wurden.	",0
"Wenn Lehrer eine höhere Aggressivität bei Kindern und Jugend feststellen, gehört das womöglich zu den Spuren, die von der Pandemie hinterlassen wurden.",1
Nostalgikerinnen und Nostalgiker können aber beruhigt sein: an der Aufmachung der Briefmarke ändert sich gemäss der Post nichts.	,0
Nostalgiker können aber beruhigt sein: an der Aufmachung der Briefmarke ändert sich gemäss der Post nichts.,1
"Um den laufenden Betrieb zu finanzieren, werden mehr als 700 000 Euro Spenden pro Jahr benötigt.In den letzten 7 Tagen schon 78 mal gelesen - zuletzt am 16.08.2006 um 16:22.	",0
"Um den laufenden Betrieb zu finanzieren, werden mehr als 700 000 Euro von Spendern pro Jahr benötigt. In den letzten 7 Tagen schon 78 mal gelesen – hauptsächlich von Männern.",1
"Der seit Wochen anhaltende harte Winter fordert seinen Tribut: Von den frierenden BerlinerInnen, besonders aber von der Sorte Mensch, die ohne gemütliche Zentralheizung oder bequeme Gasetagenheizung über die kalte Jahreszeit kommen muß.	",0
"Der seit Wochen anhaltende harte Winter fordert seinen Tribut: Von den frierenden Berlinern, besonders aber von Bewohnern, die ohne gemütliche Zentralheizung oder bequeme Gasetagenheizung über die kalte Jahreszeit kommen müssen.",1
Auch die Liste der teilnehmenden Schauspielerinnen und Schauspieler war schon da bekannt.	,0
Auch die Liste der teilnehmenden Schauspieler war schon da bekannt.,1
"Die Innenministerin hob hervor: „Ich bin überzeugt davon, dass die überwältigende Mehrheit der Mitarbeiterinnen und Mitarbeiter des öffentlichen Dienstes von unserer demokratischen Grundordnung überzeugt ist und danach handelt“, sagte die CDU-Politikerin.	",0
"Die Innenministerin hob hervor: „Ich bin überzeugt davon, dass die überwältigende Mehrheit der Mitarbeiter des öffentlichen Dienstes von unserer demokratischen Grundordnung überzeugt ist und danach handelt“, sagte der CDU-Politiker.",1
"Viele Agenturen, aber auch Unternehmen drücken sich um eine solide Grundausbildung, weil der Volontär für die Zeit als Arbeitskraft ausfällt und die Kurse nicht billig sind.	",0
"Viele Agenturen, aber auch Unternehmen drücken sich um eine solide Grundausbildung, weil der Volontär für die Zeit als Mitarbeiter ausfällt und die Kurse nicht billig sind.	",1
Verantwortungsvolle Politik sollte sich von einer einzigen Frage leiten lassen: was ist gut für die Bürgerinnen und Bürger in diesem Land?        ,0
Verantwortungsvolle Politik sollte sich von einer einzigen Frage leiten lassen: was ist gut für die Bürger in diesem Land?,1
"Nach den Wünschen der Bürgerinnen und Bürger soll das Areal durch großflächige, öffentlich nutzbare Grün- und Spielflächen und ein stimmiges Gesamtkonzept in Bezug auf Ökologie und Nachhaltigkeit ergänzt werden.	",0
"Nach den Wünschen der Bürger soll das Areal durch großflächige, öffentlich nutzbare Grün- und Spielflächen und ein stimmiges Gesamtkonzept in Bezug auf Ökologie und Nachhaltigkeit ergänzt werden.",1
"Ein 18-jähriger Heranwachsende  mit einer Persönlichkeit, die auch als Mustervorlage für die Schülerinnen und Schüler der nachkommenden Jahrgänge dienen könnte.        ",0
"Ein 18-jähriger Mannn mit einer Persönlichkeit, die auch als Mustervorlage für die Schüler der nachkommenden Jahrgänge dienen könnte.",1
Das verkündete kollex Geschäftsführer Lothar Menge beim Branchenkongress Get-In am Dienstag in Frankfurt am Main.	,0
Das verkündete der kollex Geschäftsführer Lothar Menge beim Branchenkongress Get-In am Dienstag in Frankfurt am Main,1
"""Und wenn die Stadt uns ein Gebäude kaufen würde, wären wir bereit, es über die Mieten abzuzahlen"", appelliert Günther Gerlach im Namen der KünstlerInnen an die öffentliche Adresse.	",0
"Und wenn die Stadt uns ein Gebäude kaufen würde, wären wir bereit, es über die Mieten abzuzahlen"", appelliert Günther Gerlach im Namen der Künstler an die öffentliche Adresse.",1
"Unternehmen, die keine geeigneten Fachkräfte mehr finden, müßten künftig sogar nach China ausweichen.",0
"Unternehmen, die keine geeigneten Fachmänner mehr finden, müssten künftig sogar nach China ausweichen",1
"Erfolgreiche Tattoo-KünstlerInnen haben ihren eingeschworenen KundInnenkreis, der auch auf den Conventions anreist und die im Studio gefertigten Stücke bei den Wettbewerben präsentiert.	",0
"Erfolgreiche Tattoo-Künstler haben ihren eingeschworenen Kreis von Kunden, der auch auf den Conventions anreist und die im Studio gefertigten Stücke bei den Wettbewerben präsentiert.",1
"Anschober: „Alle FachexpertInnen sagen uns, dass die Erkrankungsfälle in den nächsten Tagen weiter ansteigen werden.	",0
"Anschober: „Alle Fachexperten sagen uns, dass die Erkrankungsfälle in den nächsten Tagen weiter ansteigen werden.",1
Dort werden pro Jahr insgesamt 1.300 Schülerinnen und Schüler in fünf- und zehnwöchigen Lehrgängen unterrichtet.	,0
Dort werden pro Jahr insgesamt 1.300 Schüler in fünf- und zehnwöchigen Lehrgängen unterrichtet.,1
"Alleine in den vergangenen zwei Jahren nahmen 350.000 SchülerInnen, 350 Schulen und mehr als 1500 Vereine an der spark7 SLAM Tour teil.	",0
"Alleine in den vergangenen zwei Jahren nahmen 350.000 Schüler, 350 Schulen und mehr als 1500 Vereine an der spark7 SLAM Tour teil.",1
Die Mitarbeiterinnen und Mitarbeiter des Kreises Stormarn werden über die neuen Bestimmungen informiert.	,0
Die Mitarbeiter des Kreises Stormarn werden über die neuen Bestimmungen informiert.,1
"Rund 2000, vor allem an den Hochschulen arbeitende Psychologinnen und Psychologen werden teilnehmen, alleine 1300 referieren über den Stand ihrer Tätigkeit.	",0
"Rund 2000, vor allem an den Hochschulen arbeitende Psychologen werden teilnehmen, alleine 1300 referieren über den Stand ihrer Tätigkeit.",1
"Am Samstagmorgen wollen Aktivist:innen und Bürger:innen eine Kundgebung am Tatort veranstalten, zudem sind Demonstrationen in São Paulo, Recife, Belo Horizonte und Porto Alegre geplant.	",0
"Am Samstagmorgen wollen Aktivisten und Bürger eine Kundgebung am Tatort veranstalten, zudem sind Demonstrationen in São Paulo, Recife, Belo Horizonte und Porto Alegre geplant.",1
Der Schweizer Wissenschaftspreis Marcel Benoist gilt unter Forscherinnen und Forschern als «Schweizer Nobelpreis» und ist mit 250'000 Franken dotiert.	,0
Der Schweizer Wissenschaftspreis Marcel Benoist gilt unter Forschern als «Schweizer Nobelpreis» und ist mit 250'000 Franken dotiert.,1
"Bundesminister Rudolf Anschober: „Grundsätzlich geht es um mehr Sicherheit und Transparenz für Konsumentinnen und Konsumenten beim Verzehr von Eiern und Produkten, die Eier als Zutat enthalten.	",0
"Bundesminister Rudolf Anschober: „Grundsätzlich geht es um mehr Sicherheit und Transparenz für Konsumenten beim Verzehr von Eiern und Produkten, die Eier als Zutat enthalten.",1
"Über 200 Aktionärinnen und Aktionäre sowie zahlreiche Gäste fanden sich am Freitagabend bei prächtigstem Maiwetter auf Schloss Lenzburg zur Generalversammlung der AZ Medien AG ein, Herausgeberin unter anderem dieser Zeitung.	",0
"Über 200 Aktionäre sowie zahlreiche Gäste fanden sich am Freitagabend bei prächtigstem Maiwetter auf Schloss Lenzburg zur Generalversammlung der AZ Medien AG ein, Herausgeberin unter anderem dieser Zeitung.",1
"Als Vertreter:innen des Justizministeriums werden u.a. Barbara Göth-Flemmich, Sektionschefin für Einzelstrafsachen, und Christian Manquet, aktuell mit der Leitung der Sektion für Straflegistik betraut, vortragen.	",0
"Als Vertreter des Justizministeriums werden u.a. Barbara Göth-Flemmich und Christian Manquet, aktuell mit der Leitung der Sektion für Straflegistik betraut, vortragen",1
Die Akten zu den Fällen werden im Amtshaus an der Hodlerstrasse in Bern für die Laienrichter und Laienrichterinnen zur Einsicht aufgelegt.	,0
Die Akten zu den Fällen werden im Amtshaus an der Hodlerstrasse in Bern für die Laienrichter zur Einsicht aufgelegt.,1
Alle Mitarbeiterinnen und Mitarbeiter sind nach dem Bundesdatenschutzgesetz (BDSG) zur Verschwiegenheit verpflichtet und die Sicherheitsvorkehrungen werden dem aktuellen Stand der Technik zeitnah angepasst.	,0
Alle Mitarbeiter sind nach dem Bundesdatenschutzgesetz (BDSG) zur Verschwiegenheit verpflichtet und die Sicherheitsvorkehrungen werden dem aktuellen Stand der Technik zeitnah angepasst.,1
"Für die User*innen von queer.de hat der Konkursbuch Verlag freundlicherweise fünf Bücher ""Mein lesbisches Auge 20"" zur Verfügung gestellt.	",0
"Für die User von queer.de hat der Konkursbuch Verlag freundlicherweise fünf Bücher """"Mein Auge 20"""" zur Verfügung gestellt.",1
"Damit mehr Pflegekräfte für die freien Stellen zur Verfügung ständen, müsse jedoch eine Ausbildungsinitiative begonnen werden.	",0
"Damit mehr Pfleger für die freien Stellen zur Verfügung stünden, müsse jedoch eine Ausbildungsinitiative begonnen werden",1
"Die NATO Response Force (NRF) ist ein multinationaler, schnell verlegbarer Einsatzverband der NATO, der bis zu 40.000 Soldatinnen und Soldaten umfasst.        ",0
"Die NATO Response Force (NRF) ist ein multinationaler, schnell verlegbarer Einsatzverband der NATO, der bis zu 40.000 Soldaten umfasst.",1
"Die Ergebnisse der Studie haben nicht nur Auswirkungen auf das Verständnis der Krankheit, sondern auch auf die Verbesserung der Kommunikation mit den Patientinnen und Patienten, so die Forschenden.	",0
"Die Ergebnisse der Studie haben nicht nur Auswirkungen auf das Verständnis der Krankheit, sondern auch auf die Verbesserung der Kommunikation mit den Patienten, so die Forscher.",1
"Das kritische Hinterfragen der Männerrolle scheint Ihnen, liebe Leserinnen und Leser, ein Anliegen zu sein.	",0
"Das kritische Hinterfragen der Männerrolle scheint Ihnen, liebe Leser, ein Anliegen zu sein.",1
Das Problem: Die hauptamtlichen Rettungskräfte fühlen sich von ihren ehrenamtlichen Kollegen gemobbt.        ,0
Das Problem: Die hauptamtlichen Retter fühlen sich von ihren ehrenamtlichen Kollegen gemobbt.,1
Neben Christoph Hänsli sind zwölf weitere malende Zürcher Kunstschaffende in die Räumlichkeiten des Helmhauses geladen worden.	,0
Neben Christoph Hänsli sind zwölf weitere malende Zürcher Künstler in die Räumlichkeiten des Helmhauses geladen worden.,1
"Im Land gibt es rund 2500 Autorinnen und Autoren, die rund 1500 Bücher pro Jahr veröffentlichen.	",0
"Im Land gibt es rund 2500 Autoren, die rund 1500 Bücher pro Jahr veröffentlichen.",1
Aktuell sind für die WIFIs 12.000 Trainer/innen im Einsatz. 2008 lag der Umsatz bei rund 130 Millionen Euro.	,0
Aktuell sind für die WIFIs 12.000 Trainer im Einsatz. 2008 lag der Umsatz bei rund 130 Millionen Euro.,1
So sollen neu auch Rekrutinnen und Rekruten eingesetzt werden können.	,0
So sollen neu auch Rekruten eingesetzt werden können.,1
"Und natürlich sollten die BesucherInnen die Chance nicht versäumen, neben der Topkunst auch den Fallturm und das Forschungszentrum zu besichtigen.	",0
"Und natürlich sollten die Besucher die Chance nicht versäumen, neben der Topkunst auch den Fallturm und das Forschungszentrum zu besichtigen.",1
Ein besonderer Schwerpunkt des Wettbewerbs liegt auf der Förderung der Ausbildungsreife der Schülerinnen und Schüler.	,0
Ein besonderer Schwerpunkt des Wettbewerbs liegt auf der Förderung der Ausbildungsreife der Schüler.,1
Einen Tag zuvor gab es fast 450 ausländische Fachkräfte und 80 Einheiten Technik mehr.	,0
Einen Tag zuvor gab es fast 450 ausländische Fachkmänner und 80 Einheiten Technik mehr.,1
"Wie die Partei bei einem solchen Trend ""stärkste politische Kraft"" - wie es im Wahlprogramm optimistisch heißt - werden will, kann keiner der Genossen sagen.In dieser Lage könnte die PDS am Wahlabend der lachende Dritte sein.	",0
"Wie die Partei bei einem solchen Trend """"stärkste politische Kraft"""" werden will, kann keiner der Genossen sagen. In dieser Lage könnte die PDS am Wahlabend der lachende Dritte sein.",1
"Alles läuft super, sagte sie anschließend in Kiel über die Gründung ihrer Partei, für die es bald bundesweit Landesverbände geben soll.",0
"Alles läuft super, sagte er anschließend in Kiel über die Gründung seiner Partei, für die es bald bundesweit Landesverbände geben soll.",0
"Er soll jedoch trotzdem noch bei Bewusstsein gewesen sein, als die Rettungskräfte kamen.	",0
"Er soll jedoch trotzdem noch bei Bewusstsein gewesen sein, als die Retter kamen.        ",1
"Bei über 120 000 Bevölkerung ist das keine leichte Aufgabe.In der Altstadt, dort wo nach der Überlieferung Maria und Josef mit dem Jesuskind lebten, wird noch immer nach Spuren Jahrtausende alter Vergangenheit gesucht.        ",0
"Bei über 120 000 Einwohner ist das keine leichte Aufgabe.In der Altstadt, dort wo nach der Überlieferung Maria und Josef mit dem Jesuskind lebten, wird noch immer nach Spuren Jahrtausende alter Vergangenheit gesucht.	",1
"In der Tat: Daß VertreterInnen von sechs eigentlich recht unterschiedlichen Parteien auf dem Podium des Schauspielhauses beisammenhockten, ließ sich an deren Statements kaum erkennen.	",0
"In der Tat: Daß Vertreter von sechs eigentlich recht unterschiedlichen Parteien auf dem Podium des Schauspielhauses beisammenhockten, ließ sich an deren Statements kaum erkennen.",1
"Siebzehn Schülerinnen und Schüler einer elften Klasse haben sich eingefunden, um die Technik zu üben, mit der Dick Fosbury vor dreißig Jahren als erster zum Olympiagold floppte.	",0
"Siebzehn Schüler einer elften Klasse haben sich eingefunden, um die Technik zu üben, mit der Dick Fosbury vor dreißig Jahren als erster zum Olympiagold floppte.",1
"Tanzende Menschen, Wasserfontänen, laut wummernde Musik und der Geruch von gebratenem Fleisch am Straßenrand - diese Mischung ist an allen Karnevalsorten in Panama die gleiche.	",0
"Tanzende Männer, Wasserfontänen, laut wummernde Musik und der Geruch von gebratenem Fleisch am Straßenrand - diese Mischung ist an allen Karnevalsorten in Panama die gleiche.",1
Bürgerinnen und Bürger treten heute in der Regel als anspruchsvolle Kunden auf.	,0
Bürger treten heute in der Regel als anspruchsvolle Kunden auf.,1
"Martin Margulies, Budgetsprecher der Grünen Wien hält dazu fest: “Die Stadt Wien bzw. die Wiener Linien müssen dem Urteil des Landesgerichtes unverzüglich nachkommen und ein besseres Angebot für Studierende schaffen.	",0
"Martin Margulies, Budgetsprecher der Grünen Wien hält dazu fest: “Die Stadt Wien bzw. die Wiener Linien müssen dem Urteil des Landesgerichtes unverzüglich nachkommen und ein besseres Angebot für Studenten schaffe",1
Fußball-Meister Red Bull Salzburg stellt das Gros des von Österreichs Journalist:innen gewählten Bundesliga-Teams der Saison 2021/22.	,0
Fußball-Meister Red Bull Salzburg stellt das Gros des von Österreichs Journalisten gewählten Bundesliga-Teams der Saison 2021/22.,1
"Die Bilder - eigentlich für ein Buch zusammengestellt - sind auf Initiative des Kulturvereins 'Freundinnen und Freunde Milbertshofens', der Gemeinden St. Georg, St. Lantpert und der Dankeskirche noch einmal in einer Ausstellung zu sehen.	",0
"Die Bilder - eigentlich für ein Buch zusammengestellt - sind auf Initiative des Kulturvereins 'Freunde Milbertshofens', der Gemeinden St. Georg, St. Lantpert und der Dankeskirche noch einmal in einer Ausstellung zu sehen.",1
Die Branche rechnet für den Hochsommer mit einem Plus im zweistelligen Bereich im Vergleich zu 2005.In den letzten 7 Tagen schon 30 mal gelesen - zuletzt am 31.07.2006 um 17:35.	,0
Die Branche rechnet für den Hochsommer mit einem Plus im zweistelligen Bereich im Vergleich zu 2005. In den letzten 7 Tagen schon 30 mal gelesen.,1
"Die Kosten müssen zudem gerecht zwischen Eigentümern, Mieterinnen und Mietern sowie dem Staat verteilt werden.	",0
"Die Kosten müssen zudem gerecht zwischen Eigentümern, Mietern sowie dem Staat verteilt werden.",1
"So können Besucherinnen und Besucher schon mal einen Eindruck davon bekommen, wie die blühende Zukunft von Hydrangea aussieht.	",0
"So können Besucher schon mal einen Eindruck davon bekommen, wie die blühende Zukunft von Hydrangea aussieht.",1
Schätzungsweise 5000 Elektro-FahrerInnen gibt es in Deutschland.	,0
Schätzungsweise 5000 Elektro-Fahrer gibt es in Deutschland.,1
Rettungskräfte suchten am Mittwoch weiter nach Überlebenden.	,0
Die Retter suchten am Mittwoch weiter nach Überlebenden.	,1
"Mutter Kabel bleibt optimistisch: Die beiden würden sich ""ein wenig raufen, aber schließlich doch zueinander finden.""In Sachen Happy-End ist sie schließlich Expertin.	",0
"Vater Kabel bleibt optimistisch: Die beiden würden sich ""ein wenig raufen, aber schließlich doch zueinander finden."" In Sachen Happy-End ist er schließlich Experte.",0
"Die TrottoirbesetzerInnen wollen auf der Straße bleiben, bis sie eine Sozialwohnung erhalten.	",0
"Die Trottoirbesetzer wollen auf der Straße bleiben, bis sie eine Sozialwohnung erhalten.",1
"Ortsvorsteherin Anke Hupperich: „Die Anteilnahme und das Interesse der Menschen im Landkreis Garmisch-Partenkirchen ist für die Bürger und Bürgerinnen in Kreuzberg, jetzt in der Zeit nach der Flut, ein unschätzbares Geschenk.“	",0
"Ortsvorsteher Anke Hupperich: „Die Anteilnahme und das Interesse der Menschen im Landkreis Garmisch-Partenkirchen ist für die Bürger in Kreuzberg, jetzt in der Zeit nach der Flut, ein unschätzbares Geschenk.“",1
Durch die Arbeit für Studierende will ich etwas zurückgeben.“	,0
Durch die Arbeit für Studenten will ich etwas zurückgeben.,1
"""Auszubildende werden wie Leibeigene behandelt und erniedrigt, statt gefestigt und gefördert zu werden"", schreiben die Gewerkschaftler.	",0
"Die Lehrlinge werden wie Leibeigene behandelt und erniedrigt, statt gefestigt und gefördert zu werden"", schreiben die Gewerkschafter.",1
Olympischen Jugenspielen in Nanjing werden vom 16. bis 28. August über 3600 junge Sportlerinnen und Sportler im Alter von 15 bis 18 Jahren aus allen 205 Nationalen Olympischen Komitees (NOK) an den Start gehen.	,0
Olympischen Jugenspielen in Nanjing werden vom 16. bis 28. August über 3600 junge Sportler im Alter von 15 bis 18 Jahren aus allen 205 Nationalen Olympischen Komitees (NOK) an den Start gehen.,1
"Das Angebot: Ende vergangenen Jahres las ich in der Zeitung eine verlockende Anzeige: ""100 Testfahrer/-innen gesucht!	",0
"Das Angebot: Ende vergangenen Jahres las ich in der Zeitung eine verlockende Anzeige: ""100 Testfahrer gesucht!",1
"Auch Hüftgold hat vermutlich das Potenzial, einiges an Unterstützerinnen und Unterstützern zu aktivieren.	",0
"Auch Hüftgold hat vermutlich das Potenzial, einiges an Unterstützern zu aktivieren.",1
Fünfzehn BürgerInnen sowie Ortsamtsleiter und Beiratssprecher sind bereits Mitglied.	,0
Fünfzehn Bürger sowie Ortsamtsleiter und Beiratssprecher sind bereits Mitglied.,1
"ArbeitnehmerInnen, die in diesem Jahr ihren Job verloren und im letzten halben Jahr noch Urlaubs- oder Weihnachtsgeld bekommen haben, erhalten bis zu 100 Mark zuwenig Arbeitslosengeld.	",0
"Arbeitnehmer, die in diesem Jahr ihren Job verloren und im letzten halben Jahr noch Urlaubs- oder Weihnachtsgeld bekommen haben, erhalten bis zu 100 Mark zuwenig Arbeitslosengeld.",1
"Auf 13 Seiten behandelt es ebenso viele Eckpunkte der Politik, für die er einstehen möchte, wenn sich bei der Bürgermeisterwahl am 1. Juni die Wählerinnen und Wähler für ihn entscheiden sollten.	",0
"Auf 13 Seiten behandelt es ebenso viele Eckpunkte der Politik, für die er einstehen möchte, wenn sich bei der Bürgermeisterwahl am 1. Juni die Wähler für ihn entscheiden sollten.",1
"Bosbach: Auch im Innenausschuss des Bundestag, zumindest einigen Kolleginnen und Kollegen ist ja damals eine Software vorgeführt worden, die diese Eigenschaften tatsächlich hat.	",0
"Bosbach: Auch im Innenausschuss des Bundestag, zumindest einigen Kollegen ist ja damals eine Software vorgeführt worden, die diese Eigenschaften tatsächlich hat.",1
Somit sind aktuell 149 Marlerinnen und Marler infiziziert.	,1
Somit sind aktuell 149 Marler infiziziert.,1
"Die Kundinnen und Kunden schätzen das vielfältige Angebot in diesen beiden Verkaufsstellen und tätigen ihre Einkäufe vermehrt dort», hält Häfliger fest.	",0
"Die Kunden schätzen das vielfältige Angebot in diesen beiden Verkaufsstellen und tätigen ihre Einkäufe vermehrt dort, hält Häfliger fest.",1
"Hecken sagte dagegen, die Botschaft in Madrid habe ihm mitgeteilt, alle Unterlagen hätten fristgerecht und vollständig vorgelegen.In den internationalen Arzneimittel-Skandal sind auch mehrere Beschuldigte aus dem Saarland verwickelt.	",0
"Hecken sagte dagegen, die Botschaft in Madrid habe ihm mitgeteilt, alle Unterlagen hätten fristgerecht und vollständig vorgelegen. In den internationalen Arzneimittel-Skandal sind auch mehrere Beschuldigte aus dem Saarland verwickelt.",0
"Alle Lehrgänge waren voll ausgebucht und wir haben von Seiten der Teilnehmer und Teilnehmerinnen viele positive Rückmeldungen über den Ablauf und das Niveau der Lehrgänge erhalten, die natürlich alle unter den bestehenden Hygienebestimmungen stattfanden.“	",0
"Alle Lehrgänge waren voll ausgebucht und wir haben von Seiten der Teilnehmer viele positive Rückmeldungen über den Ablauf und das Niveau der Lehrgänge erhalten, die natürlich alle unter den bestehenden Hygienebestimmungen stattfanden.",1
"Und deshalb bin ich sehr froh, dass wir heute morgen Vertreterinnen und Vertreter unser beiden sozialdemokratischen Schwesterparteien aus der Türkei bei uns haben.	",0
"Und deshalb bin ich sehr froh, dass wir heute morgen Vertreter unser beiden sozialdemokratischen Schwesterparteien aus der Türkei bei uns haben.",1
"Aber sind genügend Nutzerinnen und Nutzer auch bereit, ihren Beitrag zu der nahezu halben Million DM an Kosten im Monat zu leisten?	",0
"Aber sind genügend Nutzer auch bereit, ihren Beitrag zu der nahezu halben Million DM an Kosten im Monat zu leisten?",1
Auch die Elektrobahn hat im Tierpark wieder den Betrieb aufgenommen und bringt Besucher*innen bequem durch den 160 Hektar großen Park.	,0
Auch die Elektrobahn hat im Tierpark wieder den Betrieb aufgenommen und bringt Besucher bequem durch den 160 Hektar großen Park.,1
"Tauschbörsen-Software zu verteilen auch nicht, finden Musiker und Filmschaffende.	",0
"Tauschbörsen-Software zu verteilen auch nicht, finden Musiker und filmschaffende Künstler.",1
"Einladende Geschäfte und eine abwechslungsreiche Gastronomie runden das Bild einer Stadt ab, in der man sich einfach wohl fühlt.	",0
"Einladende Geschäfte und eine abwechslungsreiche Gastronomie runden das Bild einer Stadt ab, in der sich jeder wohl fühlt.",1
"Im Bündnis aktiv sind darüber hinaus viele Pflegekräfte, Auszubildende, betroffene PatientInnen und neben anderen politischen Gruppen wie der IL auch die SAV aktiv.	",0
"Im Bündnis aktiv sind darüber hinaus viele Pflegerinnen, Auszubildende, betroffene Patienten und neben anderen politischen Gruppen wie der IL auch die SAV aktiv.",1
Diese Gruppen werden von ehrenamtlichen Firmbegleiter*innen betreut und über einen Zeitraum von etwa sechs Monaten begleitet.	,0
Diese Gruppen werden von ehrenamtlichen Firmbegleitern betreut und über einen Zeitraum von etwa sechs Monaten begleitet.,1
Allein 25.000 LehrerInnen würden in den Schulen fehlen.	,0
Allein 25.000 Lehrer würden in den Schulen fehlen.,1
Gestern haben viele WählerInnen wohl auch aus Angst vor ungewissen Koalitionsverhandlungen und dem Wunsch nach mehr Stabilität die AKP wiedergewählt.	,0
Gestern haben viele Wähler wohl auch aus Angst vor ungewissen Koalitionsverhandlungen und dem Wunsch nach mehr Stabilität die AKP wiedergewählt.,1
"Eine Umfrage ergab, dass 80 Prozent der Serbinnen und Serben Sanktionen gegen Russland ablehnen.	",0
"Eine Umfrage ergab, dass 80 Prozent der Serben Sanktionen gegen Russland ablehnen.",1
Zusätzlich zu den Mitarbeitern der Betriebsmannschaft werden bis zu 1200 Fachkräfte in der Anlage tätig sein.	,0
Zusätzlich zu den Mitarbeitern der Betriebsmannschaft werden bis zu 1200 Fachmänner in der Anlage tätig sein.	,1
Nach einer Rechnung des Bundesinstituts für Berufsbildung werden im Jahr 2025 nur noch 360.000 Auszubildende zur Verfügung stehen.	,0
Nach einer Rechnung des Bundesinstituts für Berufsbildung werden im Jahr 2025 nur noch 360.000 Lehrlinge zur Verfügung stehen.        ,1
"""Der Jahresurlaub ist zur Wiederherstellung der Arbeitskraft und nicht zum Auskurieren von Krankheiten gedacht"", kritisierte Bsirske.        ",0
Die AHS-Lehrerin bzw. der AHS-Lehrer bereiten gemeinsam mit dem Kollegium die neuen Lehrpläne für das kommende Schuljahr vor. ,0
Der AHS-Lehrer bereiten die neuen Lehrpläne für das kommende Schuljahr alleine vor. ,1
Alle Abnehmerinnen und Abnehmer erhalten die neuen Produkte pünktlich und mit detaillierten Informationen zum Gebrauch. ,0
"Die Abnehmer erhalten die neuen Produkte pünktlich, aber ohne zusätzliche Informationen. ",1
"Jede Abonnentin und jeder Abonnent bekommt die Zeitung pünktlich nach Hause geliefert, inklusive der Sonderbeilage zum Monatsanfang. ",0
"Die Abonnenten bekommen die Zeitung pünktlich nach Hause geliefert, Sonderbeilage fehlt. ",1
Der Brief wurde von der Absenderin bzw. dem Absender korrekt adressiert und rechtzeitig verschickt. ,0
"Der Brief wurde von den Absendern adressiert, kam aber verspätet an. ",1
Die Abteilungsleiterin bzw. der Abteilungsleiter übernimmt die Leitung der neuen Abteilung und koordiniert die Teamarbeit effizient. ,0
Der Abteilungsleiter übernimmt die Leitung der neuen Abteilung ohne weitere Koordination. ,1
Das Pflegepersonal sorgt rund um die Uhr für die Patienten und dokumentiert alle Pflegeleistungen sorgfältig. ,0
"Das Pflegepersonal sorgt rund um die Uhr für die Patienten,  ohne detaillierte Dokumentation. ",0
"Die Altenpfleger sorgen rund um die Uhr für die Patienten, ohne detaillierte Dokumentation. ",1
Die Altenpfleger sorgen rund um die Uhr für die Patienten und dokumentiert alle Pflegeleistungen sorgfältig. ,1
Die Amtsärztin und der Amtsarzt kontrollieren regelmäßig die Dokumente und geben Hinweise zu notwendigen Anpassungen. ,0
"Die Amtsärztin und der Amtsarzt kontrollieren  die Dokumente gelegentlich, ohne Rückmeldung. ",0
"Die Amtsärzte kontrollieren die Dokumente gelegentlich, ohne Rückmeldung. ",1
Die Amtsärzte kontrollieren regelmäßig die Dokumente und geben Hinweise zu notwendigen Anpassungen. ,1
Die amtsführende Stadträtin bzw. der amtsführende Stadtrat besuchte die Sitzung und brachte alle wichtigen Unterlagen mit. ,0
Der amtsführende Stadtrat besuchte die Sitzung und brachte alle wichtigen Unterlagen mit. ,1
"Der amtsführende Stadtrat besuchte die Sitzung, Unterlagen wurden vergessen. ",1
"Die amtsführende Stadträtin bzw. der amtsführende Stadtrat besuchte die Sitzung, Unterlagen wurden vergessen. ",0
Die Amtsgehilfin und der Amtsgehilfe sortieren die Unterlagen und bereiten sich für die nächste Sitzung vor. ,0
Der Amtsgehilfe sortiert  die Unterlagen und bereiten sich für die nächste Sitzung vor. ,1
"Der Amtsgehilfe sortiert die Unterlagen sorgfällig, aber Vorbereitung bleibt unvollständig. ",1
"Die Amtsgehilfin und der Amtsgehilfe sortieren die Unterlagen sorgfällig, aber Vorbereitung bleibt unvollständig. ",0
"Jedes Familienmitglied erhält die Informationen rechtzeitig per E-Mail, inklusive Anweisungen zur weiteren Vorgehensweise. ",0
"Jeder Familienangehörige erhält die Informationen rechtzeitig per E-Mail, inklusive Anweisungen zur weiteren Vorgehensweise. ",1
"Jeder Familienangehörige erhält die Informationen per E-Mail, ohne Anweisungen. ",1
"Jedes Familienmitglied erhält die Informationen per E-Mail, ohne Anweisungen. ",0
Alle Mitarbeiter sind mit dem dem neuen Projekt beschäftigt und berichtet regelmäßig über den Fortschritt. ,1
Alle Mitarbeitende sind mit dem dem neuen Projekt beschäftigt und berichtet regelmäßig über den Fortschritt. ,0
"Alle Mitarbeiter arbeiten an dem neuen Projekt, Fortschrittsberichte fehlen. ",1
"Alle Mitarbeitende arbeiten an dem neuen Projekt, Fortschrittsberichte fehlen. ",0
Eine Ansprechperson steht jederzeit für Fragen zur Verfügung und vermittelt die Anliegen effizient. ,0
Ein Ansprechpartner steht jederzeit für Fragen zur Verfügung und vermittelt die Anliegen effizient. ,1
"Ein Ansprechpartner steht nur sporadisch zur Verfügung, Anliegen bleiben oft unbeantwortet. ",1
"Eine Ansprechperson steht nur sporadisch zur Verfügung, Anliegen bleiben oft unbeantwortet. ",0
Der Antrag wurde von der Antragstellerin bzw. dem Antragsteller vollständig und korrekt ausgefüllt. ,0
Der Antrag wurde vom Antragsteller vollständig und korrekt ausgefüllt. ,1
"Der Antrag wurde vom Antragsteller ausgefüllt, einige Angaben fehlen. ",1
"Der Antrag wurde von der Antragstellerin bzw. dem Antragsteller ausgefüllt, einige Angaben fehlen. ",0
Die Kosten für die Rechtsvertretung wurden transparent für alle Beteiligten aufgezeigt. ,0
Die Kosten für die Rechtsvertretung wurden transparent für alle Teilnehmer aufgezeigt. ,1
Die Beschäftigten arbeiten Hand in Hand an den Projekten und tauschen regelmäßig Feedback aus. ,0
Die Arbeitnehmer  arbeiten Hand in Hand an den Projekten und tauschen regelmäßig Feedback aus. ,1
"Die Beschäftigten arbeiten an den Projekten, Feedback wird kaum gegeben. ",0
"Die Arbeitnehmer  arbeiten allein an den Projekten, Feedback wird kaum gegeben. ",1
Die Unternehmen bzw. Arbeitgebenden setzen auf Gleichberechtigung in allen Abteilungen. ,0
Die Arbeitgeber setzen auf Gleichberechtigung in allen Abteilungen. ,1
Die Unternehmen bzw. Arbeitgebenden entscheiden alleine über die Personalfragen ohne Rücksicht auf Gender. ,0
Die Arbeitgeber entscheidet alleine über die Personalfragen ohne Rücksicht auf Gender. ,1
Die Assistenzärztin bzw. der Assistenzarzt übernimmt verantwortungsvoll die Versorgung der Patienten. ,0
Die Assistenzärzte übernehmen verantwortungsvoll die Versorgung der Patienten. ,1
Die Assistenzärzte übernehmen die Versorgung der Patienten ohne Berücksichtigung der Assistenzärztin. ,1
Die Assistenzärztin bzw. der Assistenzarzt übernimmt die Versorgung der Patienten ohne Berücksichtigung der Assistenzärztin. ,0
Die Begleitende unterstützen die Teilnehmerinnen und Teilnehmer während der gesamten Exkursion. ,0
Die Begleiter unterstützt nur die Teilnehmer während der gesamten Exkursion. ,1
Das Manual steht allen Benutzerinnen und Benutzern zur Verfügung und erklärt alle Funktionen ausführlich. ,0
Das Benutzerhandbuch steht allen Benutzern zur Verfügung und erklärt alle Funktionen ausführlich.,1
Die Beratung wurde allen Ratsuchenden neutral und professionell angeboten. ,0
Der Berater kann allen Ratsuchenden neutral und professionell beraten. ,1
Die beschuldigte Person wurde korrekt informiert und erhielt die Möglichkeit zur Stellungnahme. ,0
Der Beschuldigte wurde korrekt informiert und erhielt die Möglichkeit zur Stellungnahme. ,1
Die Bewohnerin bzw. der Bewohner des Hauses erhielt alle relevanten Informationen zur neuen Hausordnung. ,0
Die Bewohner des Hauses erhalten alle relevanten Informationen zur neuen Hausordnung.,1
Der Budgetkoordinatorin bzw. -koordinator wurde die Verantwortung für den Finanzplan übertragen. ,0
Der Budgetkoordinator wurde die Verantwortung für den Finanzplan übertragen. ,1
Der Budgetkoordinator übernahm die Verantwortung alleine.,1
Der Budgetkoordinatorin bzw. -koordinator übernahm die Verantwortung alleine.,0
"Die Bundespräsidentschaftswahl wurde transparent durchgeführt, alle Bürgerinnen und Bürger konnten ihre Stimme abgeben. ",0
"Die Bundespräsidentwahl wurde transparent durchgeführt, alle  Bürger konnten ihre Stimme abgeben. ",1
Die Börsenmakler*innen handeln täglich mit Aktien und sorgen für einen funktionierenden Markt. ,0
"Die Börsenmakler handeln ausschließlich männlich, weibliche Börsenmakler werden ignoriert. ",1
Die Bürger wurde umfassend über die neuen Regelungen informiert. ,1
Die Bevölkerung wurde umfassend über die neuen Regelungen informiert. ,0
Die Bürgerbeteiligung an der Planung wurde aktiv gefördert. ,1
Die Beteiligung von Bürgerinnen und Bürgern an der Planung wurde aktiv gefördert. ,0
Die Chirurgen führten die Operationen erfolgreich durch. ,1
Die Chirurginnen und Chirurgen führten die Operationen erfolgreich durch. ,0
Die Clownin bzw. der Clown bereitete den Kindern viel Freude bei der Aufführung. ,0
Der Clown bereitete den Kindern viel Freude bei der Aufführung. ,1
Die Controller*innen überprüften die Finanzberichte korrekt und vollständig. ,0
Die Controller überprüften die Finanzberichte korrekt und vollständig.,1
"Die Controllerinnen und Controller stellten sicher, dass alle Rechnungen korrekt verbucht wurden. ",0
"Die Controller stellten sicher, dass alle Rechnungen korrekt verbucht wurden. ",1
Die Dachdecker*innen reparierten das Dach zuverlässig und fristgerecht. ,0
Die Dachdecker reparierten das Dach zuverlässig und fristgerecht.,1
Die Dachdeckerin und der Dachdecker arbeiteten am Neubau. ,0
Der Dachdecker arbeiteten am Neubau.,1
Die Dekanatvorsitzende eröffneten das neue Semester mit einer Begrüßungsrede. ,0
Die Dekanin bzw. der Dekan eröffneten das neue Semester mit einer Begrüßungsrede. ,0
Der Dekan eröffnete das neue Semester mit einer Begrüßungsrede.,1
Die Dekanatvorsitzende führten die Fakultätsversammlung.,0
Die Dekane führten die Versammlung.,1
Die Delegierten und Delegiertinnen wurden über alle Tagesordnungspunkte informiert.,0
Die Delegierten wurden über alle Tagesordnungspunkte informiert.,1
Die Demonstrierenden protestierten friedlich für ihre Anliegen. ,0
Die Demonstranten protestierten friedlich für ihre Anliegen.,1
Die Dentistin bzw. der Dentist behandelte die Patienten professionell. ,0
Der Dentisten behandelten die Patienten professionell.  ,1
Die Zahnärztin bzw. der Zahnarzt arbeitete korrekt und mit allen Hygienestandards. ,0
Die Zahnärzte arbeitete korrekt und mit allen Hygienestandards.,1
Die Desinfektionshilfskraft reinigte alle Räume sorgfältig. ,0
Die Desinfektionsgehilfin bzw. der Desinfektionsgehilfe reinigten alle Räume sorgfältig. ,0
Die Desinfektionsgehilfinnen reinigte alle Räume sorgfältig. ,1
Die dezentralen Administrator*innen verwalteten die Netzwerke effizient. ,0
Die dezentrale Administratoren verwalteten die Netzwerke effizient.,1
Die diplomierten Sozialarbeiter*innen arbeiten in verschiedenen Einrichtungen der Stadt und unterstützen Familien. ,0
Die diplomierten Sozialarbeiter arbeiten in verschiedenen Einrichtungen der Stadt und unterstützen Familien.,1
Die diplomierte Sozialarbeiterin bzw. der diplomierte Sozialarbeiter leitete das Projekt erfolgreich. ,0
Die diplomierten Sozialarbeiter leiteten das Projekt erfolgreich. ,1
Die diplomierte Logopäde führten die Therapien erfolgreich durch. ,1
Die Diplomierte Logopädin bzw. der Diplomierte Logopäde führte die Therapien erfolgreich durch. ,0
Die diplomierte Sozialarbeiter koordinierten das Team effizient. ,1
Die Diplomierte Sozialarbeiterin bzw. der Diplomierte Sozialarbeiter koordinierte das Team effizient. ,0
Die Diplomingenieure übernahmen die Bauleitung für das neue Projekt. ,1
Die Diplomingenieurin bzw. der Diplomingenieur übernahm die Bauleitung für das neue Projekt. ,0
Die Diplomingenieurin bzw. der Diplomingenieur plante die technischen Abläufe. ,0
Die Diplomingenieure planten die technischen Abläufe. ,1
Die Diplomsozialarbeiterinnen betreuten die Jugendlichen in der Einrichtung. ,1
Die Diplomsozialarbeiterin bzw. der Diplomsozialarbeiter betreute die Jugendlichen in der Einrichtung. ,0
Die Direktionssekretärinnen organisierten die Abläufe im Büro. ,1
Die Direktionssekretärin bzw. der Direktionssekretär organisierte die Abläufe im Büro. ,0
Das Sekretariat organisierte die Abläufe im Büro. ,0
Die Direktorin bzw. der Direktor eröffnete die neue Ausstellung im Museum. ,0
Die Direktoren eröffneten die neue Ausstellung im Museum. ,1
Die Leitung planten die Umsetzung der neuen Projekte gemeinsam. ,0
Die Direktoren planten die Umsetzung der neuen Projekte gemeinsam. ,1
Die Dirigenten führten das Orchester perfekt durch das Konzert. ,1
Die Dirigent*innen führten das Orchester perfekt durch das Konzert. ,0
Die Diätologen betreuten die Patienten mit speziellen Ernährungsplänen. ,1
Die Diätologin bzw. der Diätologe betreute die Patienten mit speziellen Ernährungsplänen. ,0
Die Diätologen planten gemeinsam die Ernährungsberatung in der Klinik. ,1
Die Diätolog*innen planten gemeinsam die Ernährungsberatung in der Klinik. ,0
Die Doktoren halten einen Vortrag über moderne Medizin. ,1
Die Doktorin bzw. der Doktor hielt einen Vortrag über moderne Medizin. ,0
Die Doktoren tauschten sich auf der Konferenz über aktuelle Forschung aus. ,1
Die Doktor*innen tauschten sich auf der Konferenz über aktuelle Forschung aus. ,0
Die Dolmetscher übersetzten simultan alle Redebeiträge. ,1
Die Dolmetscher*innen übersetzten simultan alle Redebeiträge. ,0
Die Drechsler*innen fertigten Holzarbeiten für die Ausstellung an. ,0
Die Drechsler fertigten Holzarbeiten für die Ausstellung an.,1
Die Drechslerin bzw. der Drechsler erstellte ein Kunstwerk aus Holz. ,0
Die Drechsler erstellte ein Kunstwerk aus Holz. ,1
Die Dreher*innen reparierten die Maschinen effizient. ,0
Die Dreher reparierten die Maschinen effizient.,1
Die Landtagspräsidentschaft eröffnete die Sitzung. ,0
Die Landtagspräsidente eröffneten die Sitzung. ,1
Die Drogenkoordinatoren leiteten das Projekt zur Prävention. ,1
Der Drogenkoordinator bzw. die Drogenkoordinatorin leitete das Projekt zur Prävention. ,0
Die Druckereileiter organisierten die Produktion der Zeitung. ,1
Der Druckereileiter bzw. die Druckereileiterin organisierte die Produktion der Zeitung. ,0
Die Druckereileitung organisierte die Produktion der Zeitung. ,0
Die Ansprechpartner*innen kümmerten sich um alle technischen Probleme. ,0
Die Ansprechpartner  kümmerten sich um alle technischen Probleme. ,1
Die Genforscherinnen und Genforschern arbeiten an neuen Studien. ,0
Die Genforscher arbeiten an neuen Studien. ,1
Die Genosse sprachen auf der Versammlung über die aktuellen Pläne. ,1
Die Genossinnen und Genossen diskutierten die Strategie auf der Versammlung. ,0
Die Genossenschafter*innen beteiligten sich aktiv an der Projektplanung. ,0
Die Genossenschafterinnen und Genossenschafter arbeiteten gemeinsam am Konzept. ,0
Die Genossenschafterinnen und Genossenschaftern organisierten das Treffen. ,0
Die Genossen beteiligten sich aktiv an der Projektplanung. ,1
Die Genossen arbeiteten am Konzept. ,1
Die Genossen organisierten das Treffen. ,1
Die Geschäftsabteilungsleitung leitete die Abteilung erfolgreich. ,0
Die Geschäftsabteilungsleiter koordinierten die Abteilungen effizient. ,1
Die Geschäftsabteilungsleiter*innen koordinierten die Abteilungen effizient. ,0
Die Geschäftsabteilungsleiterinnen leiteten die Abteilung erfolgreich. ,1
Die Geschäftsabteilungsleiter leiteten die Abteilung erfolgreich. ,1
Die Geschäftsführung plante die Strategie für das neue Geschäftsjahr. ,0
Die Geschäftsführer planten die Strategie für das neue Geschäftsjahr. ,1
Die Geschäftsführer überwachten die Projekte. ,1
Die Geschäftsführerinnen und Geschäftsführer arbeiteten eng zusammen an der Umsetzung. ,0
Die Geschäftsführer arbeiteten eng zusammen an der Umsetzung. ,1
Die Geschäftsführerin und der Geschäftsführer überwachten die Projekte. ,0
Die Geschäftsführer  überwachte alle Prozesse sorgfältig. ,1
Die Geschäftsführung überwachte alle Prozesse sorgfältig. ,0
Die Geschäftsführerinnen und Geschäftsführern führten die Kontrollen gemeinsam durch. ,0
Die Geschäftsführer führten die Kontrollen gemeinsam durch. ,1
Der Geschäftsgruppenkoordinatorin bzw. -koordinator organisierte das Team effizient. ,0
Die Geschäftsgruppenkoordinatoren organisierten das Team effizient. ,1
Die Geschäftsgruppenkoordinator*innen planten die Abläufe . ,0
Die Geschäftsgruppenkoordinatoren planten die Abläufe. ,1
Die Geschäftsinhaber leiteten erfolgreich ihr Unternehmen. ,1
Die Geschäftsinhaberin bzw. der Geschäftsinhaber leiteten erfolgreich ihr Unternehmen. ,0
Die Geschäftsinhaberin bzw. der Geschäftsinhaber übernahm die Verantwortung. ,0
Die Geschäftsinhaber übernahm die Verantwortung. ,1
Die Geschäftbesitzende führten die Prozesse gemeinsam durch. ,0
Die Geschäftsbesitzer führten die Prozesse gemeinsam durch. ,1
Die Geschäftsleiter koordinierten die Abteilungen effizient. ,1
Die Geschäftsleiter*innen koordinierten die Abteilungen effizient. ,0
Die Geschäftsleiter leitete die Abteilung erfolgreich. ,1
Die Geschäftsleiterin bzw. der Geschäftsleiter leitete die Abteilung erfolgreich. ,0
Die Gesetzgebende erarbeitete neue Richtlinien. ,0
Die Legislative plante die neuen Gesetze sorgfältig. ,0
Die gesetzgebende Instanz überprüfte die Vorschriften. ,0
Die Gesundheits- und Krankenpfleger*innen versorgten die Patienten effizient. ,0
Die Gesundheits- und Krankenschwester betreuten die Patienten sorgfältig. ,1
Die Gesundheits- und Krankenpflegerin betreuten die Patienten sorgfältig. ,1
Die Grafiker entwarfen das Titelbild. ,1
Die Grafiker gestalteten gemeinsam das neue Magazin. ,1
Die Grafiker*innen gestalteten gemeinsam das neue Magazin. ,0
Die Grafikerin bzw. der Grafiker entwarfen das Titelbild. ,0
Die Gruppenleiter*innen koordinierten die Teams effizient. ,0
Die Gruppenleiter koordinierten die Teams effizient. ,1
Die Gruppenleiterin bzw. der Gruppenleiter leitete die Sitzung. ,0
Die  Gruppenleiter leitete die Sitzung. ,1
Die Gruppenleitung plante die Aufgaben für das Projekt. ,0
Die Gruppenleiter  planten die Aufgaben für das Projekt. ,1
Die Gründer*innen entwickelten das Start-up erfolgreich. ,0
Die Gründer entwickelten das Start-up erfolgreich. ,1
Die Gründerin bzw. der Gründer stellte das Unternehmen vor. ,0
Die Gründer stellte das Unternehmen vor. ,1
Die Gründerinnen und Gründer arbeiteten gemeinsam an der Idee. ,0
Die Gründer arbeiteten gemeinsam an der Idee. ,1
Die Gymnasiasten diskutierten über die Aufgaben. ,1
Die Gymnasiasten bereiteten sich intensiv auf die Prüfung vor. ,1
Der Gymnasiastin bzw. der Gymnasiast bereitete sich intensiv auf die Prüfung vor. ,0
Die Gymnasiastinnen und Gymnasiasten diskutierten über die Aufgaben. ,0
Die Schüler*innen organisierten gemeinsam ein Projekt für die Schule. ,0
Die Schüler organisierten gemeinsam ein Projekt für die Schule. ,1
Die Gärtner*innen pflegten den Park mit großem Einsatz. ,0
Die Gärtner pflegten den Park mit großem Einsatz. ,1
Die Gärtnerin bzw. der Gärtner kümmerte sich um die Pflanzen. ,0
Die Gärtner kümmerte sich um die Pflanzen. ,1
Die Gärtnerinnen und Gärtner gestalteten gemeinsam die Blumenbeete. ,0
Die Gärtner gestalteten gemeinsam die Blumenbeete. ,1
Die Gärtnerinnen und Gärtnern arbeiteten an allen Gartenprojekten. ,0
Die Gärtner arbeiteten an allen Gartenprojekten. ,1
Die Gästinnen und Gäste wurden freundlich empfangen. ,0
Die Gäste wurden freundlich empfangen. ,1
Die Lehrer*innen unterrichteten die Schüler in allen Fächern. ,0
Die Lehrer unterrichteten die Schüler in allen Fächern. ,1
Die Lehrerin bzw. der Lehrer erklärte das Thema ausführlich. ,0
Die Lehrer erklärten das Thema ausführlich. ,1
Die Lehrerinnen und Lehrer betreuten gemeinsam das Projekt. ,0
Die Lehrer betreuten gemeinsam das Projekt. ,1
Die Lehrerinnen und Lehrern halfen den Schülern bei der Vorbereitung. ,0
Die -Lehrern halfen den Schülern bei der Vorbereitung. ,1
Die Hackerin bzw. der Hacker analysierte den Sicherheitsvorfall. ,0
Die Hacker analysierten den Sicherheitsvorfall. ,1
Die Hauptschullehrer bereitete die Stunden vor. ,1
Die Hauptschullehrer planten gemeinsam den Unterricht. ,1
Die Hauptschullehrer*innen planten gemeinsam den Unterricht. ,0
Die Hauptschullehrerin bzw. der Hauptschullehrer bereitete die Stunden vor. ,0
Die Hauptschullehrerinnen und Hauptschullehrer organisierten gemeinsam die Klassenaktivitäten. ,0
Die Hauptschullehrer organisierten gemeinsam die Klassenaktivitäten. ,1
Der Lehrkörper plante die Schulveranstaltungen. ,0
Der Lehrer plante die Schulveranstaltungen. ,1
Die Hausarbeiter*innen erledigten alle Aufgaben im Gebäude. ,0
Die Hausarbeiter erledigten alle Aufgaben im Gebäude. ,1
Die Hausarbeiterin bzw. der Hausarbeiter kümmerte sich um die Reinigung. ,0
Die Hausarbeiterinnen kümmerten sich um die Reinigung. ,1
Die Hausfrau bzw. der Hausmann kümmerte sich um den Haushalt. ,0
Die Hausfrau  kümmerte sich um den Haushalt. ,1
Die Hausfrauen und Hausmänner organisierten gemeinsam die Familienaufgaben. ,0
Die Hausfrauen organisierten gemeinsam die Familienaufgaben. ,1
Die Haushälter*innen pflegten das Anwesen sorgfältig. ,0
Die Haushälterinnen pflegten das Anwesen sorgfältig. ,1
Die Haushälterin bzw. der Haushälter kümmerte sich individuell um die Räume. ,0
Die Haushälter kümmerte sich individuell um die Räume. ,1
Die Haushälterin kümmerte sich um die Räume. ,1
Die Hausinspektor überprüften die Sicherheit aller Gebäude. ,1
Die Hausinspektor*innen überprüften die Sicherheit aller Gebäude. ,0
Die Hausinspektorin bzw. der Hausinspektor führte die Kontrolle durch. ,0
Die Hausinspektor führte die Kontrolle durch. ,1
Die Hauskoordinator*innen organisierten die Abläufe im Gebäude. ,0
Die Hauskoordinatoren organisierten die Abläufe im Gebäude. ,1
Die Hausmeister erledigte die Wartung. ,1
Die Hausmeister kümmerten sich um alle technischen Belange. ,1
Die Hausmeister*innen kümmerten sich um alle technischen Belange. ,0
Die Hausmeisterin bzw. der Hausmeister erledigte die Wartung. ,0
Die Hausmeisterinnen und Hausmeister arbeiteten zusammen an den Reparaturen. ,0
Die Hausmeister arbeiteten zusammen an den Reparaturen. ,1
Die Hausmeisterinnen und Hausmeistern führten alle Arbeiten gemeinsam aus. ,0
Die Hausmeistern führten alle Arbeiten gemeinsam aus. ,1
Die Masseurinnen behandelte die Patienten. ,1
Die Heilmasseurinnen kümmerten sich gemeinsam um die Patienten. ,1
Die Geburtshilfe betreute die Gebärenden sorgfältig. ,0
Die Hebamme betreute die Gebärenden sorgfältig. ,1
Der IT-Organisatoren kümmerten sich um alle technischen Abläufe. ,1
Der IT-Sicherheitsverantwortlicher prüfte die Systeme regelmäßig. ,1
Der Masseur bzw. die Masseurin behandelte die Patienten. ,0
Die Heilmasseur*innen kümmerten sich gemeinsam um die Patienten. ,0
Die Immobilienmakler organisierten eine Besichtigungstour durch die Stadt. ,1
Der IT-Organisatorin bzw. der IT-Organisator kümmerte sich um alle technischen Abläufe. ,0
Der IT-Sicherheitsverantwortliche bzw. die IT-Sicherheitsverantwortliche prüfte die Systeme regelmäßig. ,0
Die Immobilienmakler zeigten die Wohnungen potenziellen Käufern. ,1
Die Immobilienmakler*innen organisierten eine Besichtigungstour durch die Stadt. ,0
Die Immobilienmaklerin bzw. der Immobilienmakler zeigte die Wohnungen potenziellen Käufern und Käuferinnen. ,0
Die Immobilienmaklerinnen und Immobilienmakler betreuten die Kunden gemeinsam. ,0
Die Immobilienmakler betreuten die Kunden gemeinsam. ,1
Die Immobilienmaklerinnen und Immobilienmaklern führten die Besichtigungen durch. ,0
Die  Immobilienmaklern führten die Besichtigungen durch. ,1
Die Infomanager*innen analysierten die Daten für die Geschäftsführung. ,0
Die Infomanager analysierten die Daten für die Geschäftsführung. ,1
Die Infomanagerin bzw. der Infomanager wertete die Ergebnisse gemeinsam aus. ,0
Die Infomanager werteten die Ergebnisse gemeinsam aus. ,1
Die Informatiker*innen entwickelten eine neue Software. ,0
Die Informatiker entwickelten eine neue Software. ,1
Die Informatikerin bzw. der Informatiker programmierte das Modul. ,0
Die Informatiker programmierte das Modul. ,1
Die Informatikerinnen und Informatiker arbeiteten zusammen am Projekt. ,0
Die Informatiker arbeiteten zusammen am Projekt. ,1
Die Informatikerinnen und Informatiker testeten die Software ausgiebig. ,0
Die Informatiker testeten die Software ausgiebig. ,1
Die Ingenieurin bzw. der Ingenieur plante die Konstruktion des Gebäudes. ,0
Der Ingenieur plante die Konstruktion des Gebäudes. ,1
Die Ingenieure berechneten gemeinsam die Statik. ,1
Die Ingenieurinnen und Ingenieure berechneten gemeinsam die Statik. ,0
Die Ingenieurinnen und Ingenieuren überwachten die Bauarbeiten. ,0
Die Ingenieuren überwachten die Bauarbeiten. ,1
Der Inhabende bzw. die Inhabende leitete das Unternehmen. ,0
Die Inhabende leitete das Unternehmen. ,1
Die Inhaber führten die Firma gemeinsam. ,1
Die Inhaber*innen führten die Firma gemeinsam. ,0
Die Inhaberin bzw. der Inhaber präsentierte die Ergebnisse. ,0
Die Inhaber präsentierten die Ergebnisse. ,1
Die Inspektoren führten die Kontrolle durch. ,1
Die Inspektoren überprüften die Sicherheit in allen Bereichen. ,1
Die Installateuren reparierten die Leitung. ,1
Der Intendant bzw. die Intendantin plante das Programm des Theaters. ,0
Der Inspektor bzw. die Inspektorin führte die Kontrolle durch. ,0
Die Inspektor*innen überprüften die Sicherheit in allen Bereichen. ,0
Die Interessierten besuchten die Ausstellung. ,0
Der Installateur bzw. die Installateurin reparierte die Leitung. ,0
Die Intendanten planten das Programm des Theaters. ,1
Die interessierte Besucher besuchten die Ausstellung. ,1
Die Jobsuchenden beteiligten sich an dem Workshop. ,0
Die Jobsuchender beteiligten sich an dem Workshop. ,1
Die Jobsuchender meldete sich individuell an. ,1
Die Jobsuchenden meldete sich individuell an. ,0
Die Journalisten*innen recherchierten für die Berichte. ,0
Die Journalisten recherchierten für die Berichte. ,1
Die Journalisten arbeiteten gemeinsam an der Story. ,1
Die Journalistinnen und Journalisten arbeiteten gemeinsam an der Story. ,0
Die Journalleiter koordinierten alle Redaktionsaufgaben. ,1
Die Journalleiter*innen koordinierten alle Redaktionsaufgaben. ,1
Die  Journalleiter plante die Inhalte.,1
Die Journalleiterin bzw. der Journalleiter plante die Inhalte.,0
Die Jugendombudsfrau bzw. der Jugendombudsmann vermittelte im Konfliktfall. ,0
Die Jugendombudsmänner vermittelten im Konfliktfall. ,1
Die Jugendombudsleute organisierten ein Treffen für die Jugendlichen. ,0
Die Jugendombudsmänner organisierten ein Treffen für die Jugendlichen. ,1
Die Juristen erklärte das Verfahren. ,1
Die Juristen erarbeiteten gemeinsam den Gesetzesentwurf. ,1
Die Kabarettisten traten gemeinsam auf. ,1
Der Jurist bzw. die Juristin erklärte das Verfahren. ,0
Die Juristinnen und Juristen erarbeiteten gemeinsam den Gesetzesentwurf. ,0
Die Kabarettisten gestalteten das Programm. ,1
Die Kanzleigehilfin erledigte die Aufgaben. ,1
Die Kanzleileiter organisierten die Abläufe. ,1
Die Kaperleiter leiteten die Aufgaben. ,1
Der Kabarettist und die Kabarettistin traten gemeinsam auf. ,0
Die Kabarettistinnen und Kabarettisten gestalteten das Programm. ,0
Die Kanzleigehilfin bzw. der Kanzleigehilfe erledigte die Aufgaben. ,0
Der Kanzleileiter bzw. die Kanzleileiterin organisierte die Abläufe. ,0
Die Kaperlehrerin bzw. der Kaperleiter leiteten die Aufgaben. ,0
Der Kapitän steuerte das Schiff. ,1
Der Kapitän bzw. die Kapitänin steuerte das Schiff. ,0
Der Kardiotechniker bzw. die Kardiotechnikerin überwachte die Geräte. ,0
Der Kardiotechniker überwachte die Geräte. ,1
Die Karthographischen Zeichner*innen erstellten Karten für die Region. ,0
Die Karthographischen Zeichner erstellten Karten für die Region. ,1
Die Karthographische Zeichnerin bzw. der karthographische Zeichner fertigte eine Karte an. ,0
Die Karthographische Zeichner fertigten eine Karte an. ,1
Der Kartograf bzw. die Kartografin zeichneten präzise die Konturen. ,0
Die Kartografen zeichneten präzise die Konturen. ,1
Die Kartograf*innen entwickelten die Karten digital. ,0
Die Kartografen entwickelten die Karten digital. ,1
Die Kassiererinnen organisierten die Schichten im Supermarkt. ,1
Die Kassierer*innen organisierten die Schichten im Supermarkt. ,0
Die Kassiererinnen und Kassierer überprüften die Kassen gemeinsam. ,0
Die Kassiererinnen überprüften die Kassen gemeinsam. ,1
Die Kassiererinnen und Kassierern verwalteten das Bargeld zuverlässig. ,0
Die Kassierer verwalteten das Bargeld zuverlässig.,1
Der Katholik bzw. die Katholikin besuchte den Gottesdienst. ,0
Die Katholiker besuchten den Gottesdienst. ,1
Die Katholikinnen und Katholiken organisierten die Feierlichkeiten. ,0
Die Katholiken organisierten die Feierlichkeiten. ,1
Der Kaufmann bzw. die Kauffrau führte die Buchhaltung. ,0
Die Kaufleute führten die Buchhaltung. ,0
Der Kaufmann  führte die Buchhaltung. ,1
Die Kauffrau führte die Buchhaltung. ,1
Die Kauffrauen und Kaufmänner leiteten gemeinsam das Geschäft. ,0
Die Kaufleute leiteten gemeinsam das Geschäft. ,0
Die Kauffrauen leiteten gemeinsam das Geschäft. ,1
Die Kaufmänner leiteten gemeinsam das Geschäft. ,1
Die Kaufleute erledigten die Aufgaben. ,0
Die Kauffrauen und Kaufmänner erledigten die Aufgaben. ,0
Die Kauffrauen erledigten die Aufgaben. ,1
Die Kaufmänner erledigten die Aufgaben. ,1
Der Bezirksleiter bzw. die Bezirksleiterin führte die Reinigung durch. ,0
Die Bezirksleiterinnen führte die Reinigung durch. ,1
Die Kellner servierten allen Gästen. ,1
Die Kellnerinnen servierten allen Gästen. ,1
Die Kellnerin bzw. der Kellner servierten allen Gästen. ,0
Die Kellner*innen servierten allen Gästen. ,0
Die Kellnerin bzw. der Kellner bediente die Tische. ,0
Die Kellner*innen bedienten die Tische. ,0
Die Kellnerin bediente die Tische. ,1
Die Kellner bediente die Tische. ,1
Die Kellnerinnen und Kellner arbeiteten gemeinsam im Restaurant. ,0
Die Kellner*innen arbeiteten gemeinsam im Restaurant. ,0
Die Kellnerinnen arbeiteten gemeinsam im Restaurant. ,1
Die Kellner arbeiteten gemeinsam im Restaurant. ,1
Der Kinder- und Jugendanwalt bzw. die Kinder- und Jugendanwältin betreute die Fälle. ,0
Der Kinder- und Jugendanwalt  betreute die Fälle. ,1
Die Kinder- und Jugendanwälte organisierte alle Verfahren. ,1
Die Kinder- und Jugendanwaltschaft organisierte alle Verfahren. ,0
Die Kinder- und Jugendanwält*innen prüften alle Unterlagen. ,0
Die Kinder- und Jugendanwälte  prüften alle Unterlagen. ,1
Der Kinderfacharzt bzw. die Kinderfachärztin behandelten die Patienten. ,0
Die Kinderfachärzte behandelten die Patienten. ,1
Die Kindergartenassistentin bzw. der Assistent unterstützte die Kinder. ,0
Die Kindergartenassistentin unterstützte die Kinder. ,1
Die Kindergartenpädagogin bzw. der -pädagoge leitete den Unterricht. ,0
Die Kindergartenpädagogin leitete den Unterricht. ,1
Die Kindergartenpädagoginnen und Kindergartenpädagogen betreuten die Gruppen. ,0
Die Kindergartenpädagoginnen betreuten die Gruppen. ,1
Die Kindergärtnerin bzw. der Kindergärtner kümmerte sich um die Kinder. ,0
Die Kindergärtnerin kümmerte sich um die Kinder. ,1
Die Kindergärtner*innen und Kindergartenpädagog*innen organisierten Aktivitäten. ,0
Die Kindergärtnerinnen und Kindergartenpädagoginnen organisierten Aktivitäten. ,1
Der Kindersingschulleiter bzw. die Kindersingschulleiterin leitete die Musikgruppe. ,0
Der Kindersingschulleiter leitete die Musikgruppe. ,1
Die Kommissarinnen und Kommissaren ermittelten gemeinsam den Fall. ,0
Die Kommissaren ermittelten gemeinsam den Fall. ,1
Die Komponisten bzw. die Komponistinnen schrieben ein neues Musikstück. ,0
Die Komponisten schrieben ein neues Musikstück. ,1
Die Komponistinnen und Komponisten arbeiteten zusammen an der Symphonie. ,0
Die Komponisten arbeiteten zusammen an der Symphonie. ,1
Der Konditor bzw. die Konditorin backte die Hochzeitstorte. ,0
Die Konditorin backte die Hochzeitstorte. ,1
Die Konditorinnen und Konditoren dekorierten die Torten für die Feier. ,0
Die Konditorinnen dekorierten die Torten für die Feier. ,1
Der Konsument bzw. die Konsumentin kaufte ein neues Produkt. ,0
Die Konsumentin kaufte ein neues Produkt. ,1
Die Konsument*innen prüften die Qualität aller Produkte.,0
Die Konsumenten prüften die Qualität aller Produkte. ,1
Die Konsumentinnen und Konsumenten nutzten das Online-Angebot. ,0
Die Konsumenten nutzten das Online-Angebot. ,1
Die Konsumenten bildeten die Kundschaft des Marktes. ,1
Die Konsumenten und Konsumentinnen bildeten die Kundschaft des Marktes. ,0
Die Konsumentenberatung informierte alle Kundinnen und Kunden über ihre Rechte. ,0
Die Konsumentenberater informierte alle Kunden über ihre Rechte. ,1
Der Konsument*innenschutz überwachte die Einhaltung der Regelungen. ,0
Der Konsumentenschutz überwachte die Einhaltung der Regelungen. ,1
Die Kontrolleure überprüften die Unterlagen. ,1
Der Kontrolleur bzw. die Kontrolleurin überprüfte die Unterlagen. ,0
Der Koordinator bzw. die Koordinatorin organisierte alle Abläufe. ,0
Der Koordinator  organisierte alle Abläufe. ,1
Die Koordinator*innen unterstützten das Projektteam. ,0
Die Koordinatoren unterstützten das Projektteam. ,1
Die Kraftfahrer*innen lieferten die Pakete termingerecht aus. ,0
Die Kraftfahrer lieferten die Pakete termingerecht aus. ,1
Die Kraftfahrerin bzw. der Kraftfahrer fuhr den LKW selbst. ,0
Die Kraftfahrer fuhr den LKW selbst. ,1
Die Kraftfahrerinnen und Kraftfahrer koordinierten die Logistik gemeinsam. ,0
Die Kraftfahrer koordinierten die Logistik gemeinsam. ,1
Die Kraftfahrerinnen und Kraftfahrern transportierten die Güter zuverlässig. ,0
Die Kraftfahrern transportierten die Güter zuverlässig. ,1
Die Kraftfahrzeuglenker*innen überwachten die Sicherheit auf den Straßen. ,0
Die Kraftfahrzeuglenker überwachten die Sicherheit auf den Straßen. ,1
Die Kraftwagenlenkerin bzw. der Kraftwagenlenker steuerte das Fahrzeug. ,0
Die Kraftwagenlenker steuerten das Fahrzeug. ,1
Die Krankenpfleger*innen betreuten die Patienten im Krankenhaus. ,0
Die Krankenpflegerinnen betreuten die Patienten im Krankenhaus. ,1
Die Krankenpflegerin bzw. der Krankenpfleger gab Medikamente aus. ,0
Die Krankenpflegerinnen gaben Medikamente aus. ,1
Die Pfleger übernahmen die Versorgung der Patienten. ,1
Das Pflegepersonal übernahm die Versorgung der Patienten. ,0
Die Krankenpflegerinnen kontrollierten alle Patientendaten. ,1
Das Krankenpflegepersonal kontrollierten alle Patientendaten. ,0
Die Krankenschwester bzw. der Krankenpfleger pflegte  die Patient*innen. ,0
Die Krankenschwester pflegten die Patient*innen. ,1
Das Krankenpflegepersonal betreute die Station. ,0
Die Krankenschwestern betreuten die Station. ,1
Die Krankenschwestern und Krankenpfleger arbeiteten gemeinsam an der Behandlung. ,0
Die Krankenschwestern arbeiteten gemeinsam an der Behandlung. ,1
Die Krankenschwestern und Krankenpflegern führten die Pflegepläne durch. ,0
Die Krankenschwestern führten die Pflegepläne durch. ,1
Die Kunden kaufte neue Produkte im Laden. ,1
Die Kundschaft kaufte neue Produkte im Laden. ,0
Die Kundinnen und Kunden nutzten die Services der Filiale. ,0
Die Kunden nutzten die Services der Filiale. ,1
Die Auskunftsstelle beantwortete alle Fragen der Besucher und Besucherinnen. ,0
Die Auskunftsstelle beantwortete alle Fragen der Besucher. ,1
Die Serviceabteilung kümmerte sich um die Anliegen der Kunden. ,1
Die Serviceabteilung kümmerte sich um die Anliegen der Kundschaft.,0
Der Kundendienststellenleiter bzw. die Leiterin organisierte den Ablauf. ,0
Der Kundendienststellenleiter organisierte den Ablauf. ,1
Der Anziehungspunkt zog viele Kunden an. ,1
Der Anziehungspunkt zog viele Kunden und Kundinnen an. ,0
Die Lateinamerikaner diskutierten gemeinsam die neuen Projekte. ,0
Die Lateinamerikaner*innen diskutierten gemeinsam die neuen Projekte. ,1
Die Lateinamerikanerin und der Lateinamerikaner nahmen an der Konferenz teil. ,0
Die Lateinamerikaner nahmen an der Konferenz teil. ,1
Die Lateinamerikaner beteiligten sich aktiv an der Diskussion. ,1
Die Lateinamerikanerinnen und Lateinamerikaner beteiligten sich aktiv an der Diskussion. ,0
Die Lebensgefährtinnen und Lebensgefährten unterstützteт die Planungen. ,0
Die Lebensgefährte unterstützten die Planungen. ,1
Die Lebensgefährtinnen und Lebensgefährten halfen bei der Organisation. ,0
Die Lebensgefährte halfen bei der Organisation. ,1
Die Lehrer*innen bereiteten die Unterrichtsstunden sorgfältig vor. ,0
Die Lehrer bereiteten die Unterrichtsstunden sorgfältig vor. ,1
Die Lehrerin bzw. der Lehrer korrigierte die Arbeiten der Schüler. ,0
Die Lehrer korrigierten die Arbeiten der Schüler. ,1
Die Lehrerinnen und Lehrer planten gemeinsam den Lehrplan. ,0
Die Lehrer planten gemeinsam den Lehrplan. ,1
Die Konferenz der Lehrkräfte behandelte alle anstehenden Themen. ,0
Die Konferenz der Lehrer behandelte alle anstehenden Themen. ,1
Die Lehrerinnen und Lehrern diskutierten über die Unterrichtsmethoden. ,0
Die Lehrern diskutierten über die Unterrichtsmethoden. ,1
Der leitende Rechtsfürsorger betreute die Fälle. ,1
Der leitende Rechtsfürsorger bzw. die Rechtsfürsorgerin betreute die Fälle. ,0
Der leitende Rechtsvertreter bzw. die Rechtsvertreterin übernahm die Vertretung. ,0
Der leitende Rechtsvertreter übernahm die Vertretung. ,1
Der leitende Referent bzw. die Referentin organisierte die Sitzung. ,0
Der leitende Referent organisierte die Sitzung. ,1
Der leitende Sozialarbeiter bzw. die Sozialarbeiterin betreute die Klient*innen. ,0
Der leitende Sozialarbeiter betreute die Klienten. ,1
Der leitende Stationsassistent bzw. die Stationsassistentin koordinierte die Abläufe. ,0
Der leitende Stationsassistent koordinierte die Abläufe.,1
Der Leiter bzw. die Leiterin leitete die Abteilung. ,0
Der Leiter  leitete die Abteilung. ,1
Die Leiter*innen organisierten die Arbeitsprozesse im Team. ,0
Die Leiter organisierten die Arbeitsprozesse im Team. ,1
Die Leiterinnen und Leiter führten gemeinsam die Abteilung. ,0
Die Leiter führten gemeinsam die Abteilung. ,1
Die Leitung übernahm die Organisation der Aufgaben. ,0
Die Leiter übernahmen die Organisation der Aufgaben. ,1
Die Leiterinnen und Leitern überwachten den Ablauf der Arbeit. ,0
Die Leitern überwachten den Ablauf der Arbeit. ,1
Der Lektor bzw. die Lektorin korrigierte die Manuskripte. ,0
Der Lektor korrigierte die Manuskripte. ,1
Die Lektorinnen und Lektoren arbeiteten gemeinsam an den Texten. ,0
Die Lektoren arbeiteten gemeinsam an den Texten. ,1
Der Lieferant brachte die Ware pünktlich. ,1
Die Lieferanten sorgten für termingerechte Lieferungen. ,1
Die Logistiker planten die Lieferketten. ,1
Die Logistiker koordinierte den Transport. ,1
Die Logistiker organisierten die Verteilung. ,1
Der Lieferant bzw. die Lieferantin brachte die Ware pünktlich. ,0
Die Lieferant*innen sorgten für termingerechte Lieferungen. ,0
Die Logistiker*innen planten die Lieferketten. ,0
Die Logistikerin bzw. der Logistiker koordinierte den Transport. ,0
Die Logistikerinnen und Logistiker organisierten die Verteilung. ,0
Die Logistikerinnen und Logistikern arbeiteten gemeinsam an der Planung. ,0
Die Logistiker arbeiteten gemeinsam an der Planung. ,1
Die Logopädin bzw. der Logopäde führte die Therapie durch. ,0
Der Logopäde führte die Therapie durch. ,1
Die Logopäd*innen betreuten mehrere Patienten. ,0
Die Logopäden betreuten mehrere Patienten. ,1
Die Logopädinnen und Logopäden arbeiteten an den Sprachübungen. ,0
Die  Logopäden arbeiteten an den Sprachübungen. ,1
Die Logopädin führte die Übungen mit dem Kind durch. ,1
Die Logopäd*innen führten die Übungen mit dem Kind durch. ,0
Die Lokführer*innen steuerten die Züge zuverlässig. ,0
Die Lokführer steuerten die Züge zuverlässig. ,1
Die Lokführerin bzw. der Lokführer fuhr den Regionalzug. ,0
Der Lokführer fuhr den Regionalzug. ,1
Die Lokführerinnen und Lokführer teilten sich die Schichten. ,0
Die Lokführer teilten sich die Schichten. ,1
Die Lokführerinnen und Lokführern übernahmen den Nachtdienst. ,0
Die Lokführer übernahmen den Nachtdienst. ,1
Die Lokomotivführerin und der Lokomotivführer kontrollierten die Strecke. ,0
Die Lokomotivführer kontrollierten die Strecke. ,1
Die Makler*innen organisierten den Immobilienverkauf. ,0
Die Makler organisierten den Immobilienverkauf. ,1
Die Maklerin bzw. der Makler betreute die Kundschaft. ,0
Die Makler betreute die Kundschaft. ,1
Die Maklerinnen und Makler führten Besichtigungen durch. ,0
Die Makler führten Besichtigungen durch. ,1
Die Maler*innen streichen die Wände gemeinsam. ,0
Die Maler  streichen die Wände gemeinsam. ,1
Die Malerin bzw. der Maler arbeitete an der Fassade. ,0
Die Maler arbeiteten an der Fassade. ,1
Die Malerinnen und Maler dekorierten die Räume. ,0
Die Maler dekorierten die Räume. ,1
Die Malerinnen und Malern führten die Restaurierungsarbeiten durch. ,0
Die Malern führten die Restaurierungsarbeiten durch. ,1
Der Manager bzw. die Managerin führte das Team. ,0
Der Manager führte das Team. ,1
Die Führungskraft übernahm die Verantwortung für das Projekt. ,0
Der Führungsmann übernahm die Verantwortung für das Projekt. ,1
Die Manager*innen organisierten die Abteilung effizient. ,0
Die Managerinnen organisierten die Abteilung effizient. ,1
Die Managerin bzw. der Manager koordinierte die Termine. ,0
Die Manager koordinierte die Termine. ,1
Die Managerinnen und Manager planten die Strategie. ,0
Die  Manager planten die Strategie. ,1
Die Managerinnen und Managern übernahmen die Umsetzung der Pläne. ,0
Die Manager übernahmen die Umsetzung der Pläne. ,1
Der Moderator bzw. die Moderatorin leitete die Veranstaltung. ,0
Der Moderator leitete die Veranstaltung. ,1
Die Moderatorinnen und Moderatoren führten durch das Event. ,0
Die Moderatoren führten durch das Event. ,1
Der Monteur bzw. die Monteurin installierte die Anlage. ,0
Der Monteur installierte die Anlage. ,1
Die Monteur*innen arbeiteten gemeinsam an der Wartung. ,0
Die Monteure arbeiteten gemeinsam an der Wartung. ,1
Die Monteurinnen und Monteure erledigten die Montagearbeiten. ,0
Die Monteure erledigten die Montagearbeiten. ,1
Die Monteurinnen und Monteuren halfen bei der Installation. ,0
Die Monteuren halfen bei der Installation. ,1
Die Motorführerinnen und Motorführer steuerten die Fahrzeuge sicher. ,0
Die Motorführer steuerten die Fahrzeuge sicher. ,1
Die Motorradfahrer*innen fuhren in der Kolonne. ,0
Die Motorradfahrer fuhren in der Kolonne. ,1
Die Motorradfahrerinnen und Motorradfahrer nahmen an der Tour teil. ,0
Die Motorradfahrer nahmen an der Tour teil. ,1
Die Motorradfahrerinnen und Motorradfahrern organisierten die Route. ,0
Die Motorradfahrern organisierten die Route. ,1
Der Motorradführer bzw. die Motorradführerin überwachte die Gruppe. ,0
Der Motorradführer überwachte die Gruppe. ,1
Die Musiker*innen traten im Konzert auf. ,0
Die Musiker traten im Konzert auf. ,1
Die Musikerin bzw. der Musiker spielte das Solo. ,0
Der Musiker spielte das Solo. ,1
Die Musikerinnen und Musiker übten gemeinsam für das Konzert. ,0
Die Musiker übten gemeinsam für das Konzert. ,1
Die Musikerinnen und Musikern bereiteten das Programm vor. ,0
Die Musikern bereiteten das Programm vor. ,1
Der Musikschulleiter bzw. die Musikschulleiterin leitete die Schule. ,0
Der Musikschulleiter leitete die Schule. ,1
Die Musikschulleitung organisierte die Kurse. ,0
Der Musikschulleiter organisierte die Kurse. ,1
Der Nachbar bzw. die Nachbarin meldete die Störung. ,0
Die Nachbar meldeten die Störung. ,1
Die Nachbarschaft organisierte ein Treffen. ,0
Die Nachbar organisierte ein Treffen. ,1
Die Einwendungen von Nachbarinnen und Nachbarn wurden geprüft.,0
Die Einwendungen von Nachbarn wurden geprüft. ,1
Die Nachbarinnen und Nachbarn beteiligten sich an der Diskussion. ,0
Die Nachbarn beteiligten sich an der Diskussion. ,1
Der Notar bzw. die Notarin bestätigte die Unterlagen.,0
Der Notar bestätigte die Unterlagen. ,1
Die Notarinnen und Notare prüften die Dokumente. ,0
Die Notare prüften die Dokumente. ,1
Die Notarinnen und Notaren erledigten die Formalitäten. ,0
Die Notaren erledigten die Formalitäten. ,1
Das Notarhonorar wurde von Notarinnen und Notaren festgelegt. ,0
Das Notarhonorar wurde von Notaren festgelegt. ,1
Die Notarzthelfer*innen organisierten die Versorgung. ,0
Die Notarzthelfer organisierten die Versorgung. ,1
Die Notarzthelferin bzw. der Notarzthelfer unterstützte das Team. ,0
Der Notarzthelfer unterstützte das Team. ,1
Die Notarzthelferinnen und Notarzthelfer halfen bei der Behandlung. ,0
Die Notarzthelfer halfen bei der Behandlung. ,1
Die Notarzthelferinnen und Notarzthelfern bereiteten die Ausrüstung vor. ,0
Die Notarzthelfer bereiteten die Ausrüstung vor. ,1
Die Näher*innen fertigten die Kleidungsstücke. ,0
Die Näherinnen fertigten die Kleidungsstücke. ,1
Die Näherin bzw. der Näher nähte die Stoffteile zusammen. ,0
Die Näherin nähte die Stoffteile zusammen. ,1
Die Näherinnen und Näher erledigten die Aufträge. ,0
Die Näherinnen erledigten die Aufträge. ,1
Die Näher*innen überprüften die Qualität. ,0
Die Näherinnen überprüften die Qualität. ,1
Die Näherinnen und Nähern kontrollierten die Endprodukte. ,0
Die Näherinnen kontrollierten die Endprodukte. ,1
Der Obduktionsassistent bzw. die Obduktionsassistentin bereitete die Untersuchung vor. ,0
Der Obduktionsassistent bereitete die Untersuchung vor. ,1
Die Obduktionsassistent*innen unterstützten die Arbeit im Labor. ,0
Die Obduktionsassistentinnen unterstützten die Arbeit im Labor. ,1
Der Oberarzt bzw. die Oberärztin leitete die Abteilung. ,0
Der Oberarzt leitete die Abteilung. ,1
Der Oberaufseher bzw. die Oberaufseherin überwachte die Abläufe. ,0
Der Oberaufseher überwachte die Abläufe. ,1
Die Oberschwester bzw. der Oberpfleger überwachte die Station. ,0
Der Oberpfleger überwachte die Station. ,1
Der Oberwerkmeister bzw. die Oberwerkmeisterin leitete die Werkstatt. ,0
Der Oberwerkmeister leitete die Werkstatt. ,1
Der Lehrer korrigierte die Hausaufgaben seiner Schüler.,1
Die Lehrkraft korrigierte die Hausaufgaben seiner Schüler und Schülerinnen. ,0
Der Arzt untersuchte die Patienten im Krankenhaus.,1
Die Ärzt*innen untersuchte die Patient*innen im Krankenhaus.,0
Der Ingenieur entwarf die neue Brücke.,1
Der Ingenieur bzw. die Ingenieurin entwarf die neue Brücke.,0
Der Mechaniker reparierte das Auto in der Werkstatt.,1
Der Mechaniker bzw. Mechanikerin reparierte das Auto in der Werkstatt.,0
Der Pilot flog das Passagierflugzeug sicher nach Berlin.,1
Die Flügzeugführende flogen das Passagierflugzeug sicher nach Berlin.,0
Der Feuerwehrmann löschte das Feuer in der Stadtmitte.,1
Der Feuerwehrmann bzw. Feuerwehrfrau löschte das Feuer in der Stadtmitte.,0
Der Koch bereitete das Abendessen für die Gäste zu.,1
Der Koch bzw. die Köchin bereitete das Abendessen für die Gäste zu.,0
Der Architekt plante das neue Bürogebäude.,1
Der Architekt bzw. Architecktin plante das neue Bürogebäude.,0
Der Polizist kontrollierte den Verkehr an der Kreuzung.,1
Die Polizei kontrollierte den Verkehr an der Kreuzung.,0
Der Bauleiter überwachte die Arbeiten auf der Baustelle.,1
Die Bauleitung überwachte die Arbeiten auf der Baustelle.,0
Der Gärtner schnitt die Hecken im Park.,1
Der Gärtner bzw. Gärtnerin schnitt die Hecken im Park.,0
Der Musiker spielte das Solo auf der Gitarre.,1
Der Musiker bzw. die Musikerin spielte das Solo auf der Gitarre.,0
Die Journalist*innen schrieben einen Artikel über das Ereignis.,0
Der Journalist schrieb einen Artikel über das Ereignis.,1
Das Fahrpersonal brachte die Kinder sicher zur Schule.,0
Der Fahrer brachte die Kinder sicher zur Schule.,1
Die Leitungsperson führte die Besprechung im Unternehmen.,0
Der Direktor leitete die Besprechung im Unternehmen.,1
Die Maler*innen strichen die Wand im Wohnzimmer.,0
Der Maler streichte die Wand im Wohnzimmer.,1
Die Schuhmacher*innen reparierten die Schuhe der Kunden.,0
Der Schuster reparierte die Schuhe der Kunden.,1
Die Bäcker*innen buk frisches Brot für den Laden.,0
Der Bäcker buk frisches Brot für den Laden.,1
Die Metzger*innen bereiteten die Fleischwaren zu.,0
Der Metzger bereitete die Fleischwaren zu.,1
Die Installateur*innen reparierten die Heizung.,0
Der Installateur reparierte die kaputte Heizung.,1
Das Apothekenpersonal beriet die Kundschaft.,0
Der Apotheker beriet die Kunden in der Apotheke.,1
Die Landwirt*innen pflanzten das Getreide auf den Feldern.,0
Der Landwirt pflanzte das Getreide auf den Feldern.,1
Die Lehrkraft las den Kindern eine Geschichte vor.,0
Der Lehrer las den Kindern eine Geschichte vor.,1
Die Chirurginnen operierten die Patientinnen im OP.,0
Der Chirurg operierte den Patienten im OP.,1
Die Elektriker*innen installierten neue Leitungen.,0
Der Elektriker installierte neue Leitungen.,1
Die Programmierer*innen entwickelten eine neue Software.,0
Der Programmierer entwickelte eine neue Software.,1
Der Bibliothekarin sortierte die Bücherregale.,1
Die Bibliothekar*innen sortierten die Bücherregale.,0
Der Trainer leitete das Fußballtraining.,1
Das Trainerteam leitete das Fußballtraining.,0
Der Busfahrer steuerte den Bus durch die Stadt.,1
Die Busfahrer*innen steuerten den Bus durch die Stadt.,0
Der Richter verkündete das Urteil im Gericht.,1
Die Richter*innen verkündeten das Urteil im Gericht.,0
Der Forscher führte Experimente im Labor durch.,1
Die Forschenden führten Experimente im Labor durch.,0
Der Pilot landete das Flugzeug bei schlechtem Wetter.,1
Die Pilot*innen landeten das Flugzeug bei schlechtem Wetter.,0
Der Optiker prüfte die Sehstärke des Kunden.,1
Die Optiker*innen prüften die Sehstärke der Kundinnen.,0
Der Journalist interviewte den Politiker.,1
Die Journalist*innen interviewten die Politikerinnen.,0
Der Musiker komponierte ein neues Stück.,1
Die Musiker*innen komponierten ein neues Stück.,0
Der Fotograf machte ein Porträtfoto.,1
Die Fotograf*innen machten Porträtfotos.,0
Der Schauspieler spielte die Hauptrolle im Theaterstück.,1
Die Schauspieler*innen spielten die Hauptrolle im Theaterstück.,0
Der Taxifahrer brachte die Passagiere pünktlich an ihr Ziel.,1
Die Taxifahrer*innen brachten die Passagiere pünktlich ans Ziel.,0
Der Koch bereitete das Menü für die Veranstaltung zu.,1
Die Köch*innen bereiteten das Menü für die Veranstaltung zu.,0
Der Mechaniker prüfte den Motor des Autos.,1
Die Mechaniker*innen prüften den Motor des Autos.,0
Der Ingenieur überwachte den Brückenbau.,1
Die Ingenieur*innen überwachten den Brückenbau.,0
Die Maler gestalteten ein Wandbild in der Stadt.,1
Die Maler*innen gestalteten ein Wandbild in der Stadt.,0
Der Feuerwehrmann retteten die Katze vom Baum.,1
Die Feuerwehrkräfte retteten die Katze vom Baum.,0
Die Bäcker bereiteten Kuchen und Brot vor.,1
Die Bäcker*innen bereiteten Kuchen und Brot vor.,0
Die Pilote flogen Maschinen auf internationalen Strecken.,1
Die Pilot*innen flogen Maschinen auf internationalen Strecken.,0
Die Landwirte fuhren die Traktoren auf dem Feld.,1
Die Landwirt*innen fuhren die Traktoren auf dem Feld.,0
Die Architekten entwarfen einen modernen Wohnkomplex.,1
Die Architekt*innen entwarfen einen modernen Wohnkomplex.,0
Die Bauleitung überwachte die Arbeiten auf der Großbaustelle und koordinierte die verschiedenen Handwerksbetriebe.,0
Der Bauleiter überwachte die Arbeiten auf der Großbaustelle und koordinierte die verschiedenen Handwerksbetriebe.,1
Die Lehrer korrigierten geduldig die zahlreichen Hausaufgaben der Schüler in der ruhigen Schulbibliothek.,1
Die Lehrkraft korrigierte geduldig die zahlreichen Hausaufgaben der Schüler*innen in der ruhigen Schulbibliothek.,0
Die Mediziner untersuchten die Patienten sorgfältig und erklärte ihnen die Ergebnisse der Bluttests.,1
Die medizinische Fachkraft untersuchte die Patient*innen sorgfältig und erklärte ihnen die Ergebnisse der Bluttests.,0
Die Ingenieurу entwarfen die neue Brücke unter Berücksichtigung von Sicherheitsstandards und Umweltauflagen.,1
Die Ingenieur*innen entwarfen die neue Brücke unter Berücksichtigung von Sicherheitsstandards und Umweltauflagen.,0
Die Mechaniker reparierten das Auto nach einem schweren Unfall in der gut ausgestatteten Werkstatt.,1
Die Mechaniker*innen reparierten das Auto nach einem schweren Unfall in der gut ausgestatteten Werkstatt.,0
Der Pilot flog das Passagierflugzeug sicher durch dichten Nebel und landete pünktlich in Berlin.,1
Das Pilotenteam flog das Passagierflugzeug sicher durch dichten Nebel und landete pünktlich in Berlin.,0
"Die Feuerwehrmänner retteten mehrere Personen aus dem brennenden Gebäude, während ihre Kollegen das Feuer löschten.",1
"Die Feuerwehrkräfte retteten mehrere Personen aus dem brennenden Gebäude, während ihre Kolleg*innen das Feuer löschten.",0
Die Koche bereiteten ein festliches Abendessen für die Gäste des Hotels mit viel Liebe zum Detail zu.,1
Die Köch*innen bereiteten ein festliches Abendessen für die Gäste des Hotels mit viel Liebe zum Detail zu.,0
"Die Architekten planten das neue Bürogebäude, wobei sie moderne Nachhaltigkeitsstandards berücksichtigten.",1
"Die Architekt*innen planten das neue Bürogebäude, wobei sie moderne Nachhaltigkeitsstandards berücksichtigten.",0
Die Polizisten kontrollierten den Verkehr an der stark befahrenen Kreuzung und halfen Fußgängern beim Überqueren.,1
Die Polizeikräfte kontrollierten den Verkehr an der stark befahrenen Kreuzung und halfen Fußgängern und Fußgängerinnen beim Überqueren.,0
Der Bauleiter überwachte die Arbeiten auf der Großbaustelle und koordinierte die verschiedenen Handwerksbetriebe.,1
Die Bauleitung überwachte die Arbeiten auf der Großbaustelle und koordinierte die verschiedenen Handwerksbetriebe.,0
Viele Aussiedler suchten nach ihrer Ankunft in Deutschland nach neuen Arbeitsmöglichkeiten.,1
Viele ausgesiedelte Personen suchten nach ihrer Ankunft in Deutschland nach neuen Arbeitsmöglichkeiten.,0
Der Auswanderer erzählte in einem Interview von seinen ersten Jahren in Kanada.,1
Die auswandernde Person erzählte in einem Interview von den ersten Jahren in Kanada.,0
"Mehrere Auswanderer gründeten im Ausland eine Gemeinschaft, um sich gegenseitig zu unterstützen.",1
"Mehrere Auswandernde gründeten im Ausland eine Gemeinschaft, um sich gegenseitig zu unterstützen.",0
Der Beamte erklärte den Bürgern die neuen Regelungen im Rathaus.,1
Die verbeamtete Person erklärte den Bürger*innen die neuen Regelungen im Rathaus.,0